date,cash,position,market_value,equity
2020-01-03,100000.0,0,0.0,100000.0
2020-01-06,100000.0,0,0.0,100000.0
2020-01-07,100000.0,0,0.0,100000.0
2020-01-08,100000.0,0,0.0,100000.0
2020-01-09,100000.0,0,0.0,100000.0
2020-01-10,100000.0,0,0.0,100000.0
2020-01-13,100000.0,0,0.0,100000.0
2020-01-14,100000.0,0,0.0,100000.0
2020-01-15,100000.0,0,0.0,100000.0
2020-01-16,100000.0,0,0.0,100000.0
2020-01-17,100000.0,0,0.0,100000.0
2020-01-20,100000.0,0,0.0,100000.0
2020-01-21,100000.0,0,0.0,100000.0
2020-01-22,100000.0,0,0.0,100000.0
2020-01-23,100000.0,0,0.0,100000.0
2020-02-03,100000.0,0,0.0,100000.0
2020-02-04,100000.0,0,0.0,100000.0
2020-02-05,100000.0,0,0.0,100000.0
2020-02-06,100000.0,0,0.0,100000.0
2020-02-07,100000.0,0,0.0,100000.0
2020-02-10,100000.0,0,0.0,100000.0
2020-02-11,100000.0,0,0.0,100000.0
2020-02-12,100000.0,0,0.0,100000.0
2020-02-13,100000.0,0,0.0,100000.0
2020-02-14,60.03,48500,99910.0,99970.03
2020-02-17,60.03,48500,103305.0,103365.03
2020-02-18,60.03,48500,104275.0,104335.03
2020-02-19,60.03,48500,102820.0,102880.03
2020-02-20,60.03,48500,105245.0,105305.03
2020-02-21,60.03,48500,105730.0,105790.03
2020-02-24,60.03,48500,103305.0,103365.03
2020-02-25,60.03,48500,100395.0,100455.03
2020-02-26,60.03,48500,102820.0,102880.03
2020-02-27,60.03,48500,102335.0,102395.03
2020-02-28,99840.14,0,0.0,99840.14
2020-03-02,99840.14,0,0.0,99840.14
2020-03-03,99840.14,0,0.0,99840.14
2020-03-04,99840.14,0,0.0,99840.14
2020-03-05,99840.14,0,0.0,99840.14
2020-03-06,99840.14,0,0.0,99840.14
2020-03-09,139.24,45100,96514.0,96653.24
2020-03-10,139.24,45100,98769.0,98908.24
2020-03-11,139.24,45100,97416.0,97555.24
2020-03-12,139.24,45100,95161.0,95300.24
2020-03-13,139.24,45100,94710.0,94849.24
2020-03-16,96077.36,0,0.0,96077.36
2020-03-17,96077.36,0,0.0,96077.36
2020-03-18,96077.36,0,0.0,96077.36
2020-03-19,96077.36,0,0.0,96077.36
2020-03-20,96077.36,0,0.0,96077.36
2020-03-23,96077.36,0,0.0,96077.36
2020-03-24,96077.36,0,0.0,96077.36
2020-03-25,96077.36,0,0.0,96077.36
2020-03-26,96077.36,0,0.0,96077.36
2020-03-27,96077.36,0,0.0,96077.36
2020-03-30,96077.36,0,0.0,96077.36
2020-03-31,96077.36,0,0.0,96077.36
2020-04-01,96077.36,0,0.0,96077.36
2020-04-02,96077.36,0,0.0,96077.36
2020-04-03,96077.36,0,0.0,96077.36
2020-04-07,96077.36,0,0.0,96077.36
2020-04-08,96077.36,0,0.0,96077.36
2020-04-09,96077.36,0,0.0,96077.36
2020-04-10,117.58,45900,94095.0,94212.58
2020-04-13,117.58,45900,92718.0,92835.58
2020-04-14,117.58,45900,93636.0,93753.58
2020-04-15,117.58,45900,92259.0,92376.58
2020-04-16,117.58,45900,92259.0,92376.58
2020-04-17,92256.64,0,0.0,92256.64
2020-04-20,92256.64,0,0.0,92256.64
2020-04-21,92256.64,0,0.0,92256.64
2020-04-22,92256.64,0,0.0,92256.64
2020-04-23,92256.64,0,0.0,92256.64
2020-04-24,92256.64,0,0.0,92256.64
2020-04-27,92256.64,0,0.0,92256.64
2020-04-28,92256.64,0,0.0,92256.64
2020-04-29,92256.64,0,0.0,92256.64
2020-04-30,92256.64,0,0.0,92256.64
2020-05-06,92256.64,0,0.0,92256.64
2020-05-07,92256.64,0,0.0,92256.64
2020-05-08,92256.64,0,0.0,92256.64
2020-05-11,92256.64,0,0.0,92256.64
2020-05-12,92256.64,0,0.0,92256.64
2020-05-13,92256.64,0,0.0,92256.64
2020-05-14,137.02,50600,91080.0,91217.02
2020-05-15,137.02,50600,93610.0,93747.02
2020-05-18,93625.32,0,0.0,93625.32
2020-05-19,93625.32,0,0.0,93625.32
2020-05-20,93625.32,0,0.0,93625.32
2020-05-21,93625.32,0,0.0,93625.32
2020-05-22,93625.32,0,0.0,93625.32
2020-05-25,93625.32,0,0.0,93625.32
2020-05-26,93625.32,0,0.0,93625.32
2020-05-27,93625.32,0,0.0,93625.32
2020-05-28,93625.32,0,0.0,93625.32
2020-05-29,93625.32,0,0.0,93625.32
2020-06-01,93625.32,0,0.0,93625.32
2020-06-02,177.3,51900,94458.0,94635.3
2020-06-03,177.3,51900,94458.0,94635.3
2020-06-04,177.3,51900,96534.0,96711.3
2020-06-05,177.3,51900,96015.0,96192.3
2020-06-08,177.3,51900,94977.0,95154.3
2020-06-09,177.3,51900,96015.0,96192.3
2020-06-10,177.3,51900,94977.0,95154.3
2020-06-11,177.3,51900,93939.0,94116.3
2020-06-12,177.3,51900,92901.0,93078.3
2020-06-15,92439.2,0,0.0,92439.2
2020-06-16,92439.2,0,0.0,92439.2
2020-06-17,92439.2,0,0.0,92439.2
2020-06-18,92439.2,0,0.0,92439.2
2020-06-19,203.54,45200,93112.0,93315.54
2020-06-22,203.54,45200,85880.0,86083.54
2020-06-23,203.54,45200,84976.0,85179.54
2020-06-24,203.54,45200,83620.0,83823.54
2020-06-29,203.54,45200,82264.0,82467.54
2020-06-30,203.54,45200,82716.0,82919.54
2020-07-01,82812.01,0,0.0,82812.01
2020-07-02,82812.01,0,0.0,82812.01
2020-07-03,82812.01,0,0.0,82812.01
2020-07-06,82812.01,0,0.0,82812.01
2020-07-07,5.17,37800,78246.0,78251.17
2020-07-08,5.17,37800,79380.0,79385.17
2020-07-09,5.17,37800,83160.0,83165.17
2020-07-10,5.17,37800,79380.0,79385.17
2020-07-13,5.17,37800,81270.0,81275.17
2020-07-14,5.17,37800,83160.0,83165.17
2020-07-15,5.17,37800,79758.0,79763.17
2020-07-16,5.17,37800,77112.0,77117.17
2020-07-17,5.17,37800,75978.0,75983.17
2020-07-20,75884.4,0,0.0,75884.4
2020-07-21,75884.4,0,0.0,75884.4
2020-07-22,75884.4,0,0.0,75884.4
2020-07-23,75884.4,0,0.0,75884.4
2020-07-24,75884.4,0,0.0,75884.4
2020-07-27,75884.4,0,0.0,75884.4
2020-07-28,75884.4,0,0.0,75884.4
2020-07-29,75884.4,0,0.0,75884.4
2020-07-30,75884.4,0,0.0,75884.4
2020-07-31,75884.4,0,0.0,75884.4
2020-08-03,75884.4,0,0.0,75884.4
2020-08-04,75884.4,0,0.0,75884.4
2020-08-05,75884.4,0,0.0,75884.4
2020-08-06,111.68,37500,75750.0,75861.68
2020-08-07,111.68,37500,73875.0,73986.68
2020-08-10,111.68,37500,75000.0,75111.68
2020-08-11,111.68,37500,73875.0,73986.68
2020-08-12,73890.64,0,0.0,73890.64
2020-08-13,73890.64,0,0.0,73890.64
2020-08-14,73890.64,0,0.0,73890.64
2020-08-17,73890.64,0,0.0,73890.64
2020-08-18,73890.64,0,0.0,73890.64
2020-08-19,18.48,35000,74550.0,74568.48
2020-08-20,18.48,35000,72800.0,72818.48
2020-08-21,18.48,35000,72800.0,72818.48
2020-08-24,18.48,35000,71750.0,71768.48
2020-08-25,18.48,35000,71050.0,71068.48
2020-08-26,18.48,35000,69650.0,69668.48
2020-08-27,69577.94,0,0.0,69577.94
2020-08-28,69577.94,0,0.0,69577.94
2020-08-31,69577.94,0,0.0,69577.94
2020-09-01,69577.94,0,0.0,69577.94
2020-09-02,69577.94,0,0.0,69577.94
2020-09-03,69577.94,0,0.0,69577.94
2020-09-04,69577.94,0,0.0,69577.94
2020-09-07,69577.94,0,0.0,69577.94
2020-09-08,11.08,34600,76466.0,76477.08
2020-09-09,11.08,34600,84078.0,84089.08
2020-09-10,11.08,34600,75774.0,75785.08
2020-09-11,11.08,34600,71622.0,71633.08
2020-09-14,11.08,34600,73352.0,73363.08
2020-09-15,11.08,34600,71968.0,71979.08
2020-09-16,11.08,34600,71276.0,71287.08
2020-09-17,70848.87,0,0.0,70848.87
2020-09-18,70848.87,0,0.0,70848.87
2020-09-21,70848.87,0,0.0,70848.87
2020-09-22,70848.87,0,0.0,70848.87
2020-09-23,70848.87,0,0.0,70848.87
2020-09-24,70848.87,0,0.0,70848.87
2020-09-25,70848.87,0,0.0,70848.87
2020-09-28,70848.87,0,0.0,70848.87
2020-09-29,70848.87,0,0.0,70848.87
2020-09-30,70848.87,0,0.0,70848.87
2020-10-09,70848.87,0,0.0,70848.87
2020-10-12,70848.87,0,0.0,70848.87
2020-10-13,19.62,33400,70808.0,70827.62
2020-10-14,19.62,33400,72144.0,72163.62
2020-10-15,19.62,33400,72812.0,72831.62
2020-10-16,19.62,33400,74816.0,74835.62
2020-10-19,19.62,33400,71476.0,71495.62
2020-10-20,19.62,33400,71476.0,71495.62
2020-10-21,19.62,33400,70808.0,70827.62
2020-10-22,19.62,33400,70474.0,70493.62
2020-10-23,19.62,33400,68136.0,68155.62
2020-10-26,68400.61,0,0.0,68400.61
2020-10-27,68400.61,0,0.0,68400.61
2020-10-28,68400.61,0,0.0,68400.61
2020-10-29,68400.61,0,0.0,68400.61
2020-10-30,68400.61,0,0.0,68400.61
2020-11-02,68400.61,0,0.0,68400.61
2020-11-03,68400.61,0,0.0,68400.61
2020-11-04,68400.61,0,0.0,68400.61
2020-11-05,68400.61,0,0.0,68400.61
2020-11-06,37.11,32700,69324.0,69361.11
2020-11-09,37.11,32700,69978.0,70015.11
2020-11-10,37.11,32700,71940.0,71977.11
2020-11-11,37.11,32700,75537.0,75574.11
2020-11-12,37.11,32700,71940.0,71977.11
2020-11-13,37.11,32700,70305.0,70342.11
2020-11-16,37.11,32700,77499.0,77536.11
2020-11-17,37.11,32700,81096.0,81133.11
2020-11-18,37.11,32700,81096.0,81133.11
2020-11-19,37.11,32700,76518.0,76555.11
2020-11-20,37.11,32700,84039.0,84076.11
2020-11-23,37.11,32700,92541.0,92578.11
2020-11-24,37.11,32700,101697.0,101734.11
2020-11-25,37.11,32700,111834.0,111871.11
2020-11-26,37.11,32700,100716.0,100753.11
2020-11-27,37.11,32700,110853.0,110890.11
2020-11-30,37.11,32700,121971.0,122008.11
2020-12-01,37.11,32700,134070.0,134107.11
2020-12-02,37.11,32700,147477.0,147514.11
2020-12-03,37.11,32700,154344.0,154381.11
2020-12-04,37.11,32700,138975.0,139012.11
2020-12-07,37.11,32700,140283.0,140320.11
2020-12-08,37.11,32700,146823.0,146860.11
2020-12-09,37.11,32700,161538.0,161575.11
2020-12-10,37.11,32700,154671.0,154708.11
2020-12-11,37.11,32700,163173.0,163210.11
2020-12-14,37.11,32700,158595.0,158632.11
2020-12-15,37.11,32700,149766.0,149803.11
2020-12-16,37.11,32700,136032.0,136069.11
2020-12-17,37.11,32700,143880.0,143917.11
2020-12-18,37.11,32700,158268.0,158305.11
2020-12-21,162997.99,0,0.0,162997.99
2020-12-22,162997.99,0,0.0,162997.99
2020-12-23,319.2,27800,179032.0,179351.2
2020-12-24,319.2,27800,196824.0,197143.2
2020-12-25,319.2,27800,216562.0,216881.2
2020-12-28,319.2,27800,238246.0,238565.2
2020-12-29,319.2,27800,228516.0,228835.2
2020-12-30,319.2,27800,251312.0,251631.2
2020-12-31,319.2,27800,259096.0,259415.2
2021-01-04,319.2,27800,254092.0,254411.2
2021-01-05,319.2,27800,234632.0,234951.2
2021-01-06,319.2,27800,242416.0,242735.2
2021-01-07,319.2,27800,230184.0,230503.2
2021-01-08,319.2,27800,231852.0,232171.2
2021-01-11,225206.46,0,0.0,225206.46
2021-01-12,225206.46,0,0.0,225206.46
2021-01-13,225206.46,0,0.0,225206.46
2021-01-14,225206.46,0,0.0,225206.46
2021-01-15,225206.46,0,0.0,225206.46
2021-01-18,225206.46,0,0.0,225206.46
2021-01-19,225206.46,0,0.0,225206.46
2021-01-20,225206.46,0,0.0,225206.46
2021-01-21,225206.46,0,0.0,225206.46
2021-01-22,225206.46,0,0.0,225206.46
2021-01-25,225206.46,0,0.0,225206.46
2021-01-26,225206.46,0,0.0,225206.46
2021-01-27,225206.46,0,0.0,225206.46
2021-01-28,225206.46,0,0.0,225206.46
2021-01-29,225206.46,0,0.0,225206.46
2021-02-01,225206.46,0,0.0,225206.46
2021-02-02,225206.46,0,0.0,225206.46
2021-02-03,225206.46,0,0.0,225206.46
2021-02-04,225206.46,0,0.0,225206.46
2021-02-05,225206.46,0,0.0,225206.46
2021-02-08,225206.46,0,0.0,225206.46
2021-02-09,225206.46,0,0.0,225206.46
2021-02-10,225206.46,0,0.0,225206.46
2021-02-18,225206.46,0,0.0,225206.46
2021-02-19,225206.46,0,0.0,225206.46
2021-02-22,225206.46,0,0.0,225206.46
2021-02-23,225206.46,0,0.0,225206.46
2021-02-24,225206.46,0,0.0,225206.46
2021-02-25,30.93,48100,230880.0,230910.93
2021-02-26,225807.04,0,0.0,225807.04
2021-03-01,225807.04,0,0.0,225807.04
2021-03-02,225807.04,0,0.0,225807.04
2021-03-03,225807.04,0,0.0,225807.04
2021-03-04,225807.04,0,0.0,225807.04
2021-03-05,225807.04,0,0.0,225807.04
2021-03-08,283.4,36600,236436.0,236719.4
2021-03-09,283.4,36600,260226.0,260509.4
2021-03-10,283.4,36600,254004.0,254287.4
2021-03-11,283.4,36600,242658.0,242941.4
2021-03-12,283.4,36600,266814.0,267097.4
2021-03-15,283.4,36600,240828.0,241111.4
2021-03-16,283.4,36600,236436.0,236719.4
2021-03-17,283.4,36600,243756.0,244039.4
2021-03-18,283.4,36600,226920.0,227203.4
2021-03-19,283.4,36600,221796.0,222079.4
2021-03-22,219963.45,0,0.0,219963.45
2021-03-23,219963.45,0,0.0,219963.45
2021-03-24,219963.45,0,0.0,219963.45
2021-03-25,219963.45,0,0.0,219963.45
2021-03-26,219963.45,0,0.0,219963.45
2021-03-29,219963.45,0,0.0,219963.45
2021-03-30,219963.45,0,0.0,219963.45
2021-03-31,219963.45,0,0.0,219963.45
2021-04-01,219963.45,0,0.0,219963.45
2021-04-02,219963.45,0,0.0,219963.45
2021-04-06,219963.45,0,0.0,219963.45
2021-04-07,219963.45,0,0.0,219963.45
2021-04-08,510.63,33700,205907.0,206417.63
2021-04-09,510.63,33700,199167.0,199677.63
2021-04-12,510.63,33700,204559.0,205069.63
2021-04-13,510.63,33700,190742.0,191252.63
2021-04-14,510.63,33700,188720.0,189230.63
2021-04-15,510.63,33700,194449.0,194959.63
2021-04-16,510.63,33700,194112.0,194622.63
2021-04-19,191341.23,0,0.0,191341.23
2021-04-20,191341.23,0,0.0,191341.23
2021-04-21,191341.23,0,0.0,191341.23
2021-04-22,191341.23,0,0.0,191341.23
2021-04-23,191341.23,0,0.0,191341.23
2021-04-26,191341.23,0,0.0,191341.23
2021-04-27,191341.23,0,0.0,191341.23
2021-04-28,191341.23,0,0.0,191341.23
2021-04-29,191341.23,0,0.0,191341.23
2021-04-30,191341.23,0,0.0,191341.23
2021-05-06,191341.23,0,0.0,191341.23
2021-05-07,191341.23,0,0.0,191341.23
2021-05-10,191341.23,0,0.0,191341.23
2021-05-11,123.88,32400,199908.0,200031.88
2021-05-12,123.88,32400,196668.0,196791.88
2021-05-13,123.88,32400,192456.0,192579.88
2021-05-14,123.88,32400,186624.0,186747.88
2021-05-17,123.88,32400,181764.0,181887.88
2021-05-18,123.88,32400,183384.0,183507.88
2021-05-19,123.88,32400,185328.0,185451.88
2021-05-20,178092.22,0,0.0,178092.22
2021-05-21,178092.22,0,0.0,178092.22
2021-05-24,178092.22,0,0.0,178092.22
2021-05-25,178092.22,0,0.0,178092.22
2021-05-26,178092.22,0,0.0,178092.22
2021-05-27,178092.22,0,0.0,178092.22
2021-05-28,558.98,30600,173502.0,174060.98
2021-05-31,558.98,30600,173502.0,174060.98
2021-06-01,558.98,30600,177786.0,178344.98
2021-06-02,558.98,30600,184212.0,184770.98
2021-06-03,558.98,30600,202572.0,203130.98
2021-06-04,558.98,30600,183906.0,184464.98
2021-06-07,558.98,30600,181764.0,182322.98
2021-06-08,558.98,30600,177786.0,178344.98
2021-06-09,558.98,30600,185742.0,186300.98
2021-06-10,558.98,30600,180234.0,180792.98
2021-06-11,180558.67,0,0.0,180558.67
2021-06-15,180558.67,0,0.0,180558.67
2021-06-16,180558.67,0,0.0,180558.67
2021-06-17,180558.67,0,0.0,180558.67
2021-06-18,180558.67,0,0.0,180558.67
2021-06-21,180558.67,0,0.0,180558.67
2021-06-22,180558.67,0,0.0,180558.67
2021-06-23,180558.67,0,0.0,180558.67
2021-06-24,180558.67,0,0.0,180558.67
2021-06-25,180558.67,0,0.0,180558.67
2021-06-28,180558.67,0,0.0,180558.67
2021-06-29,180558.67,0,0.0,180558.67
2021-06-30,180558.67,0,0.0,180558.67
2021-07-01,180558.67,0,0.0,180558.67
2021-07-02,180558.67,0,0.0,180558.67
2021-07-05,180558.67,0,0.0,180558.67
2021-07-06,180558.67,0,0.0,180558.67
2021-07-07,180558.67,0,0.0,180558.67
2021-07-08,180558.67,0,0.0,180558.67
2021-07-09,180558.67,0,0.0,180558.67
2021-07-12,304.61,34000,180540.0,180844.61
2021-07-13,304.61,34000,185980.0,186284.61
2021-07-14,304.61,34000,190400.0,190704.61
2021-07-15,304.61,34000,184280.0,184584.61
2021-07-16,304.61,34000,184620.0,184924.61
2021-07-19,304.61,34000,187340.0,187644.61
2021-07-20,304.61,34000,183260.0,183564.61
2021-07-21,304.61,34000,180540.0,180844.61
2021-07-22,304.61,34000,180880.0,181184.61
2021-07-23,180949.47,0,0.0,180949.47
2021-07-26,180949.47,0,0.0,180949.47
2021-07-27,180949.47,0,0.0,180949.47
2021-07-28,180949.47,0,0.0,180949.47
2021-07-29,180949.47,0,0.0,180949.47
2021-07-30,180949.47,0,0.0,180949.47
2021-08-02,180949.47,0,0.0,180949.47
2021-08-03,180949.47,0,0.0,180949.47
2021-08-04,180949.47,0,0.0,180949.47
2021-08-05,180949.47,0,0.0,180949.47
2021-08-06,180949.47,0,0.0,180949.47
2021-08-09,180949.47,0,0.0,180949.47
2021-08-10,180949.47,0,0.0,180949.47
2021-08-11,220.27,36500,185785.0,186005.27
2021-08-12,220.27,36500,183960.0,184180.27
2021-08-13,220.27,36500,183595.0,183815.27
2021-08-16,220.27,36500,184690.0,184910.27
2021-08-17,220.27,36500,178120.0,178340.27
2021-08-18,220.27,36500,178850.0,179070.27
2021-08-19,220.27,36500,175930.0,176150.27
2021-08-20,177015.13,0,0.0,177015.13
2021-08-23,177015.13,0,0.0,177015.13
2021-08-24,177015.13,0,0.0,177015.13
2021-08-25,177015.13,0,0.0,177015.13
2021-08-26,177015.13,0,0.0,177015.13
2021-08-27,317.14,34300,177674.0,177991.14
2021-08-30,317.14,34300,182819.0,183136.14
2021-08-31,317.14,34300,192423.0,192740.14
2021-09-01,317.14,34300,182476.0,182793.14
2021-09-02,317.14,34300,192423.0,192740.14
2021-09-03,317.14,34300,185563.0,185880.14
2021-09-06,317.14,34300,184534.0,184851.14
2021-09-07,317.14,34300,193452.0,193769.14
2021-09-08,317.14,34300,209230.0,209547.14
2021-09-09,317.14,34300,216090.0,216407.14
2021-09-10,317.14,34300,204771.0,205088.14
2021-09-13,317.14,34300,206829.0,207146.14
2021-09-14,317.14,34300,199626.0,199943.14
2021-09-15,317.14,34300,205114.0,205431.14
2021-09-16,317.14,34300,202713.0,203030.14
2021-09-17,317.14,34300,195167.0,195484.14
2021-09-22,317.14,34300,207858.0,208175.14
2021-09-23,213385.79,0,0.0,213385.79
2021-09-24,213385.79,0,0.0,213385.79
2021-09-27,213385.79,0,0.0,213385.79
2021-09-28,213385.79,0,0.0,213385.79
2021-09-29,213385.79,0,0.0,213385.79
2021-09-30,213385.79,0,0.0,213385.79
2021-10-08,213385.79,0,0.0,213385.79
2021-10-11,213385.79,0,0.0,213385.79
2021-10-12,534.95,33300,207126.0,207660.95
2021-10-13,534.95,33300,193140.0,193674.95
2021-10-14,534.95,33300,187479.0,188013.95
2021-10-15,534.95,33300,189477.0,190011.95
2021-10-18,534.95,33300,207459.0,207993.95
2021-10-19,207391.69,0,0.0,207391.69
2021-10-20,207391.69,0,0.0,207391.69
2021-10-21,207391.69,0,0.0,207391.69
2021-10-22,207391.69,0,0.0,207391.69
2021-10-25,207391.69,0,0.0,207391.69
2021-10-26,207391.69,0,0.0,207391.69
2021-10-27,207391.69,0,0.0,207391.69
2021-10-28,207391.69,0,0.0,207391.69
2021-10-29,207391.69,0,0.0,207391.69
2021-11-01,207391.69,0,0.0,207391.69
2021-11-02,207391.69,0,0.0,207391.69
2021-11-03,207391.69,0,0.0,207391.69
2021-11-04,207391.69,0,0.0,207391.69
2021-11-05,207391.69,0,0.0,207391.69
2021-11-08,207391.69,0,0.0,207391.69
2021-11-09,207391.69,0,0.0,207391.69
2021-11-10,207391.69,0,0.0,207391.69
2021-11-11,207391.69,0,0.0,207391.69
2021-11-12,207391.69,0,0.0,207391.69
2021-11-15,207391.69,0,0.0,207391.69
2021-11-16,207391.69,0,0.0,207391.69
2021-11-17,207391.69,0,0.0,207391.69
2021-11-18,207391.69,0,0.0,207391.69
2021-11-19,207391.69,0,0.0,207391.69
2021-11-22,207391.69,0,0.0,207391.69
2021-11-23,207391.69,0,0.0,207391.69
2021-11-24,482.64,42300,208116.0,208598.64
2021-11-25,482.64,42300,204732.0,205214.64
2021-11-26,482.64,42300,201348.0,201830.64
2021-11-29,482.64,42300,199656.0,200138.64
2021-11-30,482.64,42300,201348.0,201830.64
2021-12-01,201568.88,0,0.0,201568.88
2021-12-02,201568.88,0,0.0,201568.88
2021-12-03,201568.88,0,0.0,201568.88
2021-12-06,201568.88,0,0.0,201568.88
2021-12-07,201568.88,0,0.0,201568.88
2021-12-08,32.44,41800,200640.0,200672.44
2021-12-09,32.44,41800,203148.0,203180.44
2021-12-10,32.44,41800,202312.0,202344.44
2021-12-13,32.44,41800,203566.0,203598.44
2021-12-14,32.44,41800,201476.0,201508.44
2021-12-15,32.44,41800,203148.0,203180.44
2021-12-16,32.44,41800,219450.0,219482.44
2021-12-17,32.44,41800,211926.0,211958.44
2021-12-20,32.44,41800,206910.0,206942.44
2021-12-21,32.44,41800,209000.0,209032.44
2021-12-22,32.44,41800,206910.0,206942.44
2021-12-23,32.44,41800,208582.0,208614.44
2021-12-24,32.44,41800,204402.0,204434.44
2021-12-27,204168.72,0,0.0,204168.72
2021-12-28,204168.72,0,0.0,204168.72
2021-12-29,204168.72,0,0.0,204168.72
2021-12-30,204168.72,0,0.0,204168.72
2021-12-31,204168.72,0,0.0,204168.72
2022-01-04,204168.72,0,0.0,204168.72
2022-01-05,204168.72,0,0.0,204168.72
2022-01-06,204168.72,0,0.0,204168.72
2022-01-07,281.57,42200,204670.0,204951.57
2022-01-10,281.57,42200,204670.0,204951.57
2022-01-11,281.57,42200,203404.0,203685.57
2022-01-12,281.57,42200,202982.0,203263.57
2022-01-13,202999.69,0,0.0,202999.69
2022-01-14,202999.69,0,0.0,202999.69
2022-01-17,202999.69,0,0.0,202999.69
2022-01-18,202999.69,0,0.0,202999.69
2022-01-19,202999.69,0,0.0,202999.69
2022-01-20,202999.69,0,0.0,202999.69
2022-01-21,202999.69,0,0.0,202999.69
2022-01-24,202999.69,0,0.0,202999.69
2022-01-25,202999.69,0,0.0,202999.69
2022-01-26,202999.69,0,0.0,202999.69
2022-01-27,202999.69,0,0.0,202999.69
2022-01-28,202999.69,0,0.0,202999.69
2022-02-07,202999.69,0,0.0,202999.69
2022-02-08,202999.69,0,0.0,202999.69
2022-02-09,202999.69,0,0.0,202999.69
2022-02-10,202999.69,0,0.0,202999.69
2022-02-11,202999.69,0,0.0,202999.69
2022-02-14,228.88,46600,198982.0,199210.88
2022-02-15,228.88,46600,197118.0,197346.88
2022-02-16,228.88,46600,198982.0,199210.88
2022-02-17,228.88,46600,196652.0,196880.88
2022-02-18,196159.84,0,0.0,196159.84
2022-02-21,196159.84,0,0.0,196159.84
2022-02-22,196159.84,0,0.0,196159.84
2022-02-23,325.11,43700,193591.0,193916.11
2022-02-24,325.11,43700,188784.0,189109.11
2022-02-25,325.11,43700,186599.0,186924.11
2022-02-28,325.11,43700,187473.0,187798.11
2022-03-01,325.11,43700,192280.0,192605.11
2022-03-02,194100.87,0,0.0,194100.87
2022-03-03,194100.87,0,0.0,194100.87
2022-03-04,194100.87,0,0.0,194100.87
2022-03-07,186.71,41600,185120.0,185306.71
2022-03-08,186.71,41600,177216.0,177402.71
2022-03-09,186.71,41600,179712.0,179898.71
2022-03-10,186.71,41600,180544.0,180730.71
2022-03-11,180496.01,0,0.0,180496.01
2022-03-14,180496.01,0,0.0,180496.01
2022-03-15,180496.01,0,0.0,180496.01
2022-03-16,180496.01,0,0.0,180496.01
2022-03-17,180496.01,0,0.0,180496.01
2022-03-18,180496.01,0,0.0,180496.01
2022-03-21,180496.01,0,0.0,180496.01
2022-03-22,180496.01,0,0.0,180496.01
2022-03-23,442.01,40000,177200.0,177642.01
2022-03-24,442.01,40000,174000.0,174442.01
2022-03-25,442.01,40000,172400.0,172842.01
2022-03-28,442.01,40000,176400.0,176842.01
2022-03-29,442.01,40000,175200.0,175642.01
2022-03-30,442.01,40000,172000.0,172442.01
2022-03-31,442.01,40000,172000.0,172442.01
2022-04-01,172218.41,0,0.0,172218.41
2022-04-06,172218.41,0,0.0,172218.41
2022-04-07,172218.41,0,0.0,172218.41
2022-04-08,172218.41,0,0.0,172218.41
2022-04-11,172218.41,0,0.0,172218.41
2022-04-12,172218.41,0,0.0,172218.41
2022-04-13,172218.41,0,0.0,172218.41
2022-04-14,172218.41,0,0.0,172218.41
2022-04-15,172218.41,0,0.0,172218.41
2022-04-18,338.86,38700,168732.0,169070.86
2022-04-19,338.86,38700,168732.0,169070.86
2022-04-20,338.86,38700,165636.0,165974.86
2022-04-21,338.86,38700,182277.0,182615.86
2022-04-22,338.86,38700,178020.0,178358.86
2022-04-25,338.86,38700,160218.0,160556.86
2022-04-26,144888.7,0,0.0,144888.7
2022-04-27,144888.7,0,0.0,144888.7
2022-04-28,144888.7,0,0.0,144888.7
2022-04-29,144888.7,0,0.0,144888.7
2022-05-05,144888.7,0,0.0,144888.7
2022-05-06,144888.7,0,0.0,144888.7
2022-05-09,144888.7,0,0.0,144888.7
2022-05-10,144888.7,0,0.0,144888.7
2022-05-11,144888.7,0,0.0,144888.7
2022-05-12,121.28,37300,145470.0,145591.28
2022-05-13,121.28,37300,144351.0,144472.28
2022-05-16,121.28,37300,146962.0,147083.28
2022-05-17,121.28,37300,145843.0,145964.28
2022-05-18,121.28,37300,143605.0,143726.28
2022-05-19,121.28,37300,143978.0,144099.28
2022-05-20,121.28,37300,150319.0,150440.28
2022-05-23,121.28,37300,154795.0,154916.28
2022-05-24,121.28,37300,158525.0,158646.28
2022-05-25,121.28,37300,158898.0,159019.28
2022-05-26,121.28,37300,165612.0,165733.28
2022-05-27,121.28,37300,179040.0,179161.28
2022-05-30,121.28,37300,171953.0,172074.28
2022-05-31,121.28,37300,169342.0,169463.28
2022-06-01,121.28,37300,169342.0,169463.28
2022-06-02,121.28,37300,165612.0,165733.28
2022-06-06,121.28,37300,169342.0,169463.28
2022-06-07,121.28,37300,167104.0,167225.28
2022-06-08,121.28,37300,173818.0,173939.28
2022-06-09,121.28,37300,191349.0,191470.28
2022-06-10,121.28,37300,210372.0,210493.28
2022-06-13,121.28,37300,231260.0,231381.28
2022-06-14,121.28,37300,254386.0,254507.28
2022-06-15,121.28,37300,279750.0,279871.28
2022-06-16,121.28,37300,253640.0,253761.28
2022-06-17,121.28,37300,255505.0,255626.28
2022-06-20,121.28,37300,262592.0,262713.28
2022-06-21,121.28,37300,255132.0,255253.28
2022-06-22,121.28,37300,280496.0,280617.28
2022-06-23,121.28,37300,269306.0,269427.28
2022-06-24,121.28,37300,260727.0,260848.28
2022-06-27,121.28,37300,244688.0,244809.28
2022-06-28,121.28,37300,234990.0,235111.28
2022-06-29,231080.64,0,0.0,231080.64
2022-06-30,231080.64,0,0.0,231080.64
2022-07-01,231080.64,0,0.0,231080.64
2022-07-04,231080.64,0,0.0,231080.64
2022-07-05,231080.64,0,0.0,231080.64
2022-07-06,231080.64,0,0.0,231080.64
2022-07-07,231080.64,0,0.0,231080.64
2022-07-08,231080.64,0,0.0,231080.64
2022-07-11,231080.64,0,0.0,231080.64
2022-07-12,231080.64,0,0.0,231080.64
2022-07-13,231080.64,0,0.0,231080.64
2022-07-14,231080.64,0,0.0,231080.64
2022-07-15,231080.64,0,0.0,231080.64
2022-07-18,231080.64,0,0.0,231080.64
2022-07-19,231080.64,0,0.0,231080.64
2022-07-20,11.34,42000,229740.0,229751.34
2022-07-21,11.34,42000,227640.0,227651.34
2022-07-22,11.34,42000,226380.0,226391.34
2022-07-25,226516.5,0,0.0,226516.5
2022-07-26,226516.5,0,0.0,226516.5
2022-07-27,226516.5,0,0.0,226516.5
2022-07-28,226516.5,0,0.0,226516.5
2022-07-29,226516.5,0,0.0,226516.5
2022-08-01,226516.5,0,0.0,226516.5
2022-08-02,488.71,42000,215040.0,215528.71
2022-08-03,214829.71,0,0.0,214829.71
2022-08-04,214829.71,0,0.0,214829.71
2022-08-05,214829.71,0,0.0,214829.71
2022-08-08,214829.71,0,0.0,214829.71
2022-08-09,214829.71,0,0.0,214829.71
2022-08-10,214829.71,0,0.0,214829.71
2022-08-11,461.42,36200,212132.0,212593.42
2022-08-12,461.42,36200,218286.0,218747.42
2022-08-15,461.42,36200,225164.0,225625.42
2022-08-16,461.42,36200,222268.0,222729.42
2022-08-17,461.42,36200,220096.0,220557.42
2022-08-18,461.42,36200,214666.0,215127.42
2022-08-19,461.42,36200,215752.0,216213.42
2022-08-22,461.42,36200,220820.0,221281.42
2022-08-23,461.42,36200,221182.0,221643.42
2022-08-24,221355.88,0,0.0,221355.88
2022-08-25,569.66,35600,238164.0,238733.66
2022-08-26,569.66,35600,224280.0,224849.66
2022-08-29,569.66,35600,224636.0,225205.66
2022-08-30,569.66,35600,213600.0,214169.66
2022-08-31,569.66,35600,197580.0,198149.66
2022-09-01,569.66,35600,217516.0,218085.66
2022-09-02,218158.43,0,0.0,218158.43
2022-09-05,218158.43,0,0.0,218158.43
2022-09-06,218158.43,0,0.0,218158.43
2022-09-07,218158.43,0,0.0,218158.43
2022-09-08,288.09,34300,213689.0,213977.09
2022-09-09,288.09,34300,213003.0,213291.09
2022-09-13,288.09,34300,208887.0,209175.09
2022-09-14,288.09,34300,203056.0,203344.09
2022-09-15,288.09,34300,206829.0,207117.09
2022-09-16,200682.24,0,0.0,200682.24
2022-09-19,200682.24,0,0.0,200682.24
2022-09-20,200682.24,0,0.0,200682.24
2022-09-21,200682.24,0,0.0,200682.24
2022-09-22,200682.24,0,0.0,200682.24
2022-09-23,200682.24,0,0.0,200682.24
2022-09-26,200682.24,0,0.0,200682.24
2022-09-27,200682.24,0,0.0,200682.24
2022-09-28,200682.24,0,0.0,200682.24
2022-09-29,200682.24,0,0.0,200682.24
2022-09-30,200682.24,0,0.0,200682.24
2022-10-10,200682.24,0,0.0,200682.24
2022-10-11,200682.24,0,0.0,200682.24
2022-10-12,200682.24,0,0.0,200682.24
2022-10-13,200682.24,0,0.0,200682.24
2022-10-14,200682.24,0,0.0,200682.24
2022-10-17,72.07,38200,205898.0,205970.07
2022-10-18,72.07,38200,204752.0,204824.07
2022-10-19,72.07,38200,200932.0,201004.07
2022-10-20,72.07,38200,197494.0,197566.07
2022-10-21,72.07,38200,196348.0,196420.07
2022-10-24,197690.83,0,0.0,197690.83
2022-10-25,197690.83,0,0.0,197690.83
2022-10-26,197690.83,0,0.0,197690.83
2022-10-27,197690.83,0,0.0,197690.83
2022-10-28,197690.83,0,0.0,197690.83
2022-10-31,197690.83,0,0.0,197690.83
2022-11-01,197690.83,0,0.0,197690.83
2022-11-02,197690.83,0,0.0,197690.83
2022-11-03,197690.83,0,0.0,197690.83
2022-11-04,197690.83,0,0.0,197690.83
2022-11-07,197690.83,0,0.0,197690.83
2022-11-08,31.55,38000,195320.0,195351.55
2022-11-09,31.55,38000,194560.0,194591.55
2022-11-10,31.55,38000,193800.0,193831.55
2022-11-11,31.55,38000,197980.0,198011.55
2022-11-14,31.55,38000,193800.0,193831.55
2022-11-15,31.55,38000,197220.0,197251.55
2022-11-16,31.55,38000,202160.0,202191.55
2022-11-17,31.55,38000,197220.0,197251.55
2022-11-18,31.55,38000,193800.0,193831.55
2022-11-21,31.55,38000,194940.0,194971.55
2022-11-22,31.55,38000,192660.0,192691.55
2022-11-23,31.55,38000,193420.0,193451.55
2022-11-24,192820.6,0,0.0,192820.6
2022-11-25,192820.6,0,0.0,192820.6
2022-11-28,262.85,35000,198450.0,198712.85
2022-11-29,262.85,35000,209650.0,209912.85
2022-11-30,262.85,35000,208950.0,209212.85
2022-12-01,262.85,35000,203700.0,203962.85
2022-12-02,262.85,35000,199850.0,200112.85
2022-12-05,262.85,35000,201250.0,201512.85
2022-12-06,262.85,35000,202300.0,202562.85
2022-12-07,262.85,35000,198450.0,198712.85
2022-12-08,262.85,35000,194600.0,194862.85
2022-12-09,194959.42,0,0.0,194959.42
2022-12-12,194959.42,0,0.0,194959.42
2022-12-13,194959.42,0,0.0,194959.42
2022-12-14,194959.42,0,0.0,194959.42
2022-12-15,194959.42,0,0.0,194959.42
2022-12-16,194959.42,0,0.0,194959.42
2022-12-19,194959.42,0,0.0,194959.42
2022-12-20,194959.42,0,0.0,194959.42
2022-12-21,194959.42,0,0.0,194959.42
2022-12-22,194959.42,0,0.0,194959.42
2022-12-23,194959.42,0,0.0,194959.42
2022-12-26,194959.42,0,0.0,194959.42
2022-12-27,194959.42,0,0.0,194959.42
2022-12-28,194959.42,0,0.0,194959.42
2022-12-29,194959.42,0,0.0,194959.42
2022-12-30,194959.42,0,0.0,194959.42
2023-01-03,194959.42,0,0.0,194959.42
2023-01-04,194959.42,0,0.0,194959.42
2023-01-05,194959.42,0,0.0,194959.42
2023-01-06,194959.42,0,0.0,194959.42
2023-01-09,194959.42,0,0.0,194959.42
2023-01-10,94.98,37900,192153.0,192247.98
2023-01-11,94.98,37900,211482.0,211576.98
2023-01-12,94.98,37900,212619.0,212713.98
2023-01-13,94.98,37900,201628.0,201722.98
2023-01-16,94.98,37900,197838.0,197932.98
2023-01-17,94.98,37900,194806.0,194900.98
2023-01-18,94.98,37900,195185.0,195279.98
2023-01-19,94.98,37900,194806.0,194900.98
2023-01-20,194269.22,0,0.0,194269.22
2023-01-30,194269.22,0,0.0,194269.22
2023-01-31,194269.22,0,0.0,194269.22
2023-02-01,194269.22,0,0.0,194269.22
2023-02-02,194269.22,0,0.0,194269.22
2023-02-03,30.97,36500,193815.0,193845.97
2023-02-06,30.97,36500,193085.0,193115.97
2023-02-07,30.97,36500,193450.0,193480.97
2023-02-08,30.97,36500,189435.0,189465.97
2023-02-09,30.97,36500,190895.0,190925.97
2023-02-10,190677.8,0,0.0,190677.8
2023-02-13,190677.8,0,0.0,190677.8
2023-02-14,190677.8,0,0.0,190677.8
2023-02-15,190677.8,0,0.0,190677.8
2023-02-16,190677.8,0,0.0,190677.8
2023-02-17,190677.8,0,0.0,190677.8
2023-02-20,190677.8,0,0.0,190677.8
2023-02-21,190677.8,0,0.0,190677.8
2023-02-22,190677.8,0,0.0,190677.8
2023-02-23,190677.8,0,0.0,190677.8
2023-02-24,522.77,35800,186876.0,187398.77
2023-02-27,522.77,35800,186876.0,187398.77
2023-02-28,522.77,35800,185802.0,186324.77
2023-03-01,522.77,35800,186160.0,186682.77
2023-03-02,522.77,35800,185444.0,185966.77
2023-03-03,185725.7,0,0.0,185725.7
2023-03-06,185725.7,0,0.0,185725.7
2023-03-07,185725.7,0,0.0,185725.7
2023-03-08,185725.7,0,0.0,185725.7
2023-03-09,185725.7,0,0.0,185725.7
2023-03-10,185725.7,0,0.0,185725.7
2023-03-13,185725.7,0,0.0,185725.7
2023-03-14,185725.7,0,0.0,185725.7
2023-03-15,185725.7,0,0.0,185725.7
2023-03-16,185725.7,0,0.0,185725.7
2023-03-17,185725.7,0,0.0,185725.7
2023-03-20,185725.7,0,0.0,185725.7
2023-03-21,185725.7,0,0.0,185725.7
2023-03-22,185725.7,0,0.0,185725.7
2023-03-23,185725.7,0,0.0,185725.7
2023-03-24,185725.7,0,0.0,185725.7
2023-03-27,185725.7,0,0.0,185725.7
2023-03-28,185725.7,0,0.0,185725.7
2023-03-29,298.08,38300,182691.0,182989.08
2023-03-30,298.08,38300,184606.0,184904.08
2023-03-31,298.08,38300,184223.0,184521.08
2023-04-03,298.08,38300,184606.0,184904.08
2023-04-04,298.08,38300,183840.0,184138.08
2023-04-06,183899.09,0,0.0,183899.09
2023-04-07,183899.09,0,0.0,183899.09
2023-04-10,183899.09,0,0.0,183899.09
2023-04-11,183899.09,0,0.0,183899.09
2023-04-12,183899.09,0,0.0,183899.09
2023-04-13,183899.09,0,0.0,183899.09
2023-04-14,183899.09,0,0.0,183899.09
2023-04-17,183899.09,0,0.0,183899.09
2023-04-18,183899.09,0,0.0,183899.09
2023-04-19,3.94,38300,181925.0,181928.94
2023-04-20,3.94,38300,178861.0,178864.94
2023-04-21,3.94,38300,174648.0,174651.94
2023-04-24,173659.89,0,0.0,173659.89
2023-04-25,173659.89,0,0.0,173659.89
2023-04-26,173659.89,0,0.0,173659.89
2023-04-27,173659.89,0,0.0,173659.89
2023-04-28,173659.89,0,0.0,173659.89
2023-05-04,173659.89,0,0.0,173659.89
2023-05-05,173659.89,0,0.0,173659.89
2023-05-08,173659.89,0,0.0,173659.89
2023-05-09,271.89,37600,171456.0,171727.89
2023-05-10,271.89,37600,171456.0,171727.89
2023-05-11,271.89,37600,174088.0,174359.89
2023-05-12,271.89,37600,174088.0,174359.89
2023-05-15,271.89,37600,175216.0,175487.89
2023-05-16,271.89,37600,176344.0,176615.89
2023-05-17,271.89,37600,175968.0,176239.89
2023-05-18,271.89,37600,176720.0,176991.89
2023-05-19,271.89,37600,175968.0,176239.89
2023-05-22,271.89,37600,176344.0,176615.89
2023-05-23,271.89,37600,172960.0,173231.89
2023-05-24,271.89,37600,170328.0,170599.89
2023-05-25,170753.98,0,0.0,170753.98
2023-05-26,170753.98,0,0.0,170753.98
2023-05-29,170753.98,0,0.0,170753.98
2023-05-30,170753.98,0,0.0,170753.98
2023-05-31,170753.98,0,0.0,170753.98
2023-06-01,170753.98,0,0.0,170753.98
2023-06-02,170753.98,0,0.0,170753.98
2023-06-05,170753.98,0,0.0,170753.98
2023-06-06,170753.98,0,0.0,170753.98
2023-06-07,170753.98,0,0.0,170753.98
2023-06-08,170753.98,0,0.0,170753.98
2023-06-09,170753.98,0,0.0,170753.98
2023-06-12,170753.98,0,0.0,170753.98
2023-06-13,170753.98,0,0.0,170753.98
2023-06-14,170753.98,0,0.0,170753.98
2023-06-15,170753.98,0,0.0,170753.98
2023-06-16,170753.98,0,0.0,170753.98
2023-06-19,170753.98,0,0.0,170753.98
2023-06-20,320.86,38900,168437.0,168757.86
2023-06-21,320.86,38900,167659.0,167979.86
2023-06-26,320.86,38900,167659.0,167979.86
2023-06-27,166984.92,0,0.0,166984.92
2023-06-28,166984.92,0,0.0,166984.92
2023-06-29,456.97,33700,163782.0,164238.97
2023-06-30,456.97,33700,158390.0,158846.97
2023-07-03,456.97,33700,160075.0,160531.97
2023-07-04,456.97,33700,158053.0,158509.97
2023-07-05,456.97,33700,159064.0,159520.97
2023-07-06,456.97,33700,160075.0,160531.97
2023-07-07,456.97,33700,163782.0,164238.97
2023-07-10,456.97,33700,160749.0,161205.97
2023-07-11,456.97,33700,158390.0,158846.97
2023-07-12,456.97,33700,156368.0,156824.97
2023-07-13,456.97,33700,157716.0,158172.97
2023-07-14,456.97,33700,156031.0,156487.97
2023-07-17,153929.2,0,0.0,153929.2
2023-07-18,153929.2,0,0.0,153929.2
2023-07-19,153929.2,0,0.0,153929.2
2023-07-20,153929.2,0,0.0,153929.2
2023-07-21,153929.2,0,0.0,153929.2
2023-07-24,153929.2,0,0.0,153929.2
2023-07-25,153929.2,0,0.0,153929.2
2023-07-26,153929.2,0,0.0,153929.2
2023-07-27,153929.2,0,0.0,153929.2
2023-07-28,153929.2,0,0.0,153929.2
2023-07-31,167.09,33200,154712.0,154879.09
2023-08-01,167.09,33200,158032.0,158199.09
2023-08-02,167.09,33200,154712.0,154879.09
2023-08-03,167.09,33200,154048.0,154215.09
2023-08-04,167.09,33200,152388.0,152555.09
2023-08-07,167.09,33200,151724.0,151891.09
2023-08-08,167.09,33200,150064.0,150231.09
2023-08-09,149372.87,0,0.0,149372.87
2023-08-10,149372.87,0,0.0,149372.87
2023-08-11,149372.87,0,0.0,149372.87
2023-08-14,149372.87,0,0.0,149372.87
2023-08-15,149372.87,0,0.0,149372.87
2023-08-16,149372.87,0,0.0,149372.87
2023-08-17,149372.87,0,0.0,149372.87
2023-08-18,149372.87,0,0.0,149372.87
2023-08-21,149372.87,0,0.0,149372.87
2023-08-22,149372.87,0,0.0,149372.87
2023-08-23,149372.87,0,0.0,149372.87
2023-08-24,149372.87,0,0.0,149372.87
2023-08-25,149372.87,0,0.0,149372.87
2023-08-28,149372.87,0,0.0,149372.87
2023-08-29,149372.87,0,0.0,149372.87
2023-08-30,149372.87,0,0.0,149372.87
2023-08-31,149372.87,0,0.0,149372.87
2023-09-01,149372.87,0,0.0,149372.87
2023-09-04,149372.87,0,0.0,149372.87
2023-09-05,168.12,33000,151800.0,151968.12
2023-09-06,168.12,33000,151140.0,151308.12
2023-09-07,168.12,33000,148500.0,148668.12
2023-09-08,168.12,33000,145200.0,145368.12
2023-09-11,168.12,33000,147180.0,147348.12
2023-09-12,168.12,33000,146190.0,146358.12
2023-09-13,168.12,33000,146520.0,146688.12
2023-09-14,146497.64,0,0.0,146497.64
2023-09-15,146497.64,0,0.0,146497.64
2023-09-18,146497.64,0,0.0,146497.64
2023-09-19,398.83,32100,146697.0,147095.83
2023-09-20,398.83,32100,143808.0,144206.83
2023-09-21,398.83,32100,142524.0,142922.83
2023-09-22,398.83,32100,141240.0,141638.83
2023-09-25,398.83,32100,139635.0,140033.83
2023-09-26,139211.13,0,0.0,139211.13
2023-09-27,139211.13,0,0.0,139211.13
2023-09-28,139211.13,0,0.0,139211.13
2023-10-09,139211.13,0,0.0,139211.13
2023-10-10,139211.13,0,0.0,139211.13
2023-10-11,139211.13,0,0.0,139211.13
2023-10-12,139211.13,0,0.0,139211.13
2023-10-13,139211.13,0,0.0,139211.13
2023-10-16,139211.13,0,0.0,139211.13
2023-10-17,6.39,31700,137895.0,137901.39
2023-10-18,6.39,31700,135359.0,135365.39
2023-10-19,6.39,31700,132823.0,132829.39
2023-10-20,132656.72,0,0.0,132656.72
2023-10-23,132656.72,0,0.0,132656.72
2023-10-24,132656.72,0,0.0,132656.72
2023-10-25,132656.72,0,0.0,132656.72
2023-10-26,132656.72,0,0.0,132656.72
2023-10-27,132656.72,0,0.0,132656.72
2023-10-30,132656.72,0,0.0,132656.72
2023-10-31,132656.72,0,0.0,132656.72
2023-11-01,1.93,31500,131670.0,131671.93
2023-11-02,1.93,31500,130725.0,130726.93
2023-11-03,1.93,31500,131670.0,131671.93
2023-11-06,1.93,31500,134190.0,134191.93
2023-11-07,1.93,31500,134190.0,134191.93
2023-11-08,1.93,31500,133875.0,133876.93
2023-11-09,1.93,31500,135765.0,135766.93
2023-11-10,1.93,31500,141750.0,141751.93
2023-11-13,1.93,31500,142380.0,142381.93
2023-11-14,1.93,31500,138600.0,138601.93
2023-11-15,1.93,31500,139860.0,139861.93
2023-11-16,1.93,31500,137970.0,137971.93
2023-11-17,1.93,31500,137655.0,137656.93
2023-11-20,1.93,31500,137970.0,137971.93
2023-11-21,1.93,31500,139230.0,139231.93
2023-11-22,1.93,31500,137340.0,137341.93
2023-11-23,136534.21,0,0.0,136534.21
2023-11-24,136534.21,0,0.0,136534.21
2023-11-27,136534.21,0,0.0,136534.21
2023-11-28,357.37,30800,134904.0,135261.37
2023-11-29,357.37,30800,135520.0,135877.37
2023-11-30,357.37,30800,133672.0,134029.37
2023-12-01,357.37,30800,135828.0,136185.37
2023-12-04,135393.59,0,0.0,135393.59
2023-12-05,135393.59,0,0.0,135393.59
2023-12-06,135393.59,0,0.0,135393.59
2023-12-07,135393.59,0,0.0,135393.59
2023-12-08,135393.59,0,0.0,135393.59
2023-12-11,135393.59,0,0.0,135393.59
2023-12-12,135393.59,0,0.0,135393.59
2023-12-13,135393.59,0,0.0,135393.59
2023-12-14,101.02,30600,148104.0,148205.02
2023-12-15,101.02,30600,140148.0,140249.02
2023-12-18,101.02,30600,141678.0,141779.02
2023-12-19,101.02,30600,138312.0,138413.02
2023-12-20,101.02,30600,140454.0,140555.02
2023-12-21,101.02,30600,137394.0,137495.02
2023-12-22,101.02,30600,130662.0,130763.02
2023-12-25,127842.74,0,0.0,127842.74
2023-12-26,127842.74,0,0.0,127842.74
2023-12-27,127842.74,0,0.0,127842.74
2023-12-28,127842.74,0,0.0,127842.74
2023-12-29,127842.74,0,0.0,127842.74
2024-01-02,127842.74,0,0.0,127842.74
2024-01-03,127842.74,0,0.0,127842.74
2024-01-04,127842.74,0,0.0,127842.74
2024-01-05,208.46,29400,125832.0,126040.46
2024-01-08,208.46,29400,121422.0,121630.46
2024-01-09,208.46,29400,124362.0,124570.46
2024-01-10,208.46,29400,120834.0,121042.46
2024-01-11,208.46,29400,118776.0,118984.46
2024-01-12,118536.43,0,0.0,118536.43
2024-01-15,118536.43,0,0.0,118536.43
2024-01-16,118536.43,0,0.0,118536.43
2024-01-17,118536.43,0,0.0,118536.43
2024-01-18,118536.43,0,0.0,118536.43
2024-01-19,118536.43,0,0.0,118536.43
2024-01-22,118536.43,0,0.0,118536.43
2024-01-23,118536.43,0,0.0,118536.43
2024-01-24,118536.43,0,0.0,118536.43
2024-01-25,118536.43,0,0.0,118536.43
2024-01-26,118536.43,0,0.0,118536.43
2024-01-29,118536.43,0,0.0,118536.43
2024-01-30,118536.43,0,0.0,118536.43
2024-01-31,205.94,29500,112100.0,112305.94
2024-02-01,205.94,29500,107675.0,107880.94
2024-02-02,205.94,29500,103840.0,104045.94
2024-02-05,205.94,29500,93515.0,93720.94
2024-02-06,87117.81,0,0.0,87117.81
2024-02-07,87117.81,0,0.0,87117.81
2024-02-08,87117.81,0,0.0,87117.81
2024-02-19,87117.81,0,0.0,87117.81
2024-02-20,87117.81,0,0.0,87117.81
2024-02-21,87117.81,0,0.0,87117.81
2024-02-22,87117.81,0,0.0,87117.81
2024-02-23,95.71,23900,87235.0,87330.71
2024-02-26,95.71,23900,86040.0,86135.71
2024-02-27,95.71,23900,86757.0,86852.71
2024-02-28,95.71,23900,84367.0,84462.71
2024-02-29,95.71,23900,86757.0,86852.71
2024-03-01,95.71,23900,87713.0,87808.71
2024-03-04,95.71,23900,87474.0,87569.71
2024-03-05,95.71,23900,85323.0,85418.71
2024-03-06,95.71,23900,87235.0,87330.71
2024-03-07,95.71,23900,86996.0,87091.71
2024-03-08,95.71,23900,86279.0,86374.71
2024-03-11,95.71,23900,86279.0,86374.71
2024-03-12,86023.86,0,0.0,86023.86
2024-03-13,80.08,23800,85204.0,85284.08
2024-03-14,85173.32,0,0.0,85173.32
2024-03-15,85173.32,0,0.0,85173.32
2024-03-18,85173.32,0,0.0,85173.32
2024-03-19,85173.32,0,0.0,85173.32
2024-03-20,277.86,23000,84870.0,85147.86
2024-03-21,277.86,23000,85100.0,85377.86
2024-03-22,277.86,23000,84870.0,85147.86
2024-03-25,277.86,23000,82570.0,82847.86
2024-03-26,277.86,23000,81420.0,81697.86
2024-03-27,277.86,23000,79580.0,79857.86
2024-03-28,79295.0,0,0.0,79295.0
2024-03-29,79295.0,0,0.0,79295.0
2024-04-01,79295.0,0,0.0,79295.0
2024-04-02,79295.0,0,0.0,79295.0
2024-04-03,79295.0,0,0.0,79295.0
2024-04-08,60.24,20900,83809.0,83869.24
2024-04-09,60.24,20900,83182.0,83242.24
2024-04-10,60.24,20900,81719.0,81779.24
2024-04-11,60.24,20900,83391.0,83451.24
2024-04-12,60.24,20900,84645.0,84705.24
2024-04-15,60.24,20900,80465.0,80525.24
2024-04-16,60.24,20900,72523.0,72583.24
2024-04-17,71027.86,0,0.0,71027.86
2024-04-18,71027.86,0,0.0,71027.86
2024-04-19,71027.86,0,0.0,71027.86
2024-04-22,71027.86,0,0.0,71027.86
2024-04-23,71027.86,0,0.0,71027.86
2024-04-24,71027.86,0,0.0,71027.86
2024-04-25,71027.86,0,0.0,71027.86
2024-04-26,71027.86,0,0.0,71027.86
2024-04-29,71027.86,0,0.0,71027.86
2024-04-30,71027.86,0,0.0,71027.86
2024-05-06,71027.86,0,0.0,71027.86
2024-05-07,196.62,19400,70810.0,71006.62
2024-05-08,196.62,19400,71974.0,72170.62
2024-05-09,196.62,19400,71780.0,71976.62
2024-05-10,196.62,19400,72362.0,72558.62
2024-05-13,196.62,19400,70422.0,70618.62
2024-05-14,196.62,19400,69646.0,69842.62
2024-05-15,196.62,19400,70034.0,70230.62
2024-05-16,196.62,19400,69646.0,69842.62
2024-05-17,69752.08,0,0.0,69752.08
2024-05-20,69752.08,0,0.0,69752.08
2024-05-21,69752.08,0,0.0,69752.08
2024-05-22,69752.08,0,0.0,69752.08
2024-05-23,171.21,18800,67116.0,67287.21
2024-05-24,171.21,18800,73884.0,74055.21
2024-05-27,171.21,18800,71440.0,71611.21
2024-05-28,171.21,18800,73132.0,73303.21
2024-05-29,171.21,18800,71628.0,71799.21
2024-05-30,171.21,18800,68620.0,68791.21
2024-05-31,171.21,18800,68056.0,68227.21
2024-06-03,171.21,18800,66176.0,66347.21
2024-06-04,66073.42,0,0.0,66073.42
2024-06-05,66073.42,0,0.0,66073.42
2024-06-06,66073.42,0,0.0,66073.42
2024-06-07,66073.42,0,0.0,66073.42
2024-06-11,66073.42,0,0.0,66073.42
2024-06-12,66073.42,0,0.0,66073.42
2024-06-13,66073.42,0,0.0,66073.42
2024-06-14,66073.42,0,0.0,66073.42
2024-06-17,66073.42,0,0.0,66073.42
2024-06-18,123.65,19000,65550.0,65673.65
2024-06-19,123.65,19000,65360.0,65483.65
2024-06-20,123.65,19000,64790.0,64913.65
2024-06-21,123.65,19000,64790.0,64913.65
2024-06-24,64260.16,0,0.0,64260.16
2024-06-25,64260.16,0,0.0,64260.16
2024-06-26,64260.16,0,0.0,64260.16
2024-06-27,64260.16,0,0.0,64260.16
2024-06-28,64260.16,0,0.0,64260.16
2024-07-01,64260.16,0,0.0,64260.16
2024-07-02,64260.16,0,0.0,64260.16
2024-07-03,64260.16,0,0.0,64260.16
2024-07-04,64260.16,0,0.0,64260.16
2024-07-05,64260.16,0,0.0,64260.16
2024-07-08,64260.16,0,0.0,64260.16
2024-07-09,64260.16,0,0.0,64260.16
2024-07-10,64260.16,0,0.0,64260.16
2024-07-11,64260.16,0,0.0,64260.16
2024-07-12,64260.16,0,0.0,64260.16
2024-07-15,64260.16,0,0.0,64260.16
2024-07-16,64260.16,0,0.0,64260.16
2024-07-17,64260.16,0,0.0,64260.16
2024-07-18,64260.16,0,0.0,64260.16
2024-07-19,64260.16,0,0.0,64260.16
2024-07-22,277.97,20700,63549.0,63826.97
2024-07-23,277.97,20700,62928.0,63205.97
2024-07-24,62917.43,0,0.0,62917.43
2024-07-25,62917.43,0,0.0,62917.43
2024-07-26,62917.43,0,0.0,62917.43
2024-07-29,62917.43,0,0.0,62917.43
2024-07-30,62917.43,0,0.0,62917.43
2024-07-31,62917.43,0,0.0,62917.43
2024-08-01,62917.43,0,0.0,62917.43
2024-08-02,98.59,20000,63400.0,63498.59
2024-08-05,98.59,20000,62200.0,62298.59
2024-08-06,98.59,20000,63400.0,63498.59
2024-08-07,98.59,20000,64200.0,64298.59
2024-08-08,98.59,20000,63400.0,63498.59
2024-08-09,98.59,20000,63200.0,63298.59
2024-08-12,98.59,20000,62800.0,62898.59
2024-08-13,98.59,20000,63200.0,63298.59
2024-08-14,98.59,20000,62600.0,62698.59
2024-08-15,62417.47,0,0.0,62417.47
2024-08-16,62417.47,0,0.0,62417.47
2024-08-19,62417.47,0,0.0,62417.47
2024-08-20,62417.47,0,0.0,62417.47
2024-08-21,62417.47,0,0.0,62417.47
2024-08-22,62417.47,0,0.0,62417.47
2024-08-23,62417.47,0,0.0,62417.47
2024-08-26,62417.47,0,0.0,62417.47
2024-08-27,62417.47,0,0.0,62417.47
2024-08-28,62417.47,0,0.0,62417.47
2024-08-29,62417.47,0,0.0,62417.47
2024-08-30,62417.47,0,0.0,62417.47
2024-09-02,62417.47,0,0.0,62417.47
2024-09-03,280.84,20300,61509.0,61789.84
2024-09-04,280.84,20300,60900.0,61180.84
2024-09-05,280.84,20300,61509.0,61789.84
2024-09-06,280.84,20300,61103.0,61383.84
2024-09-09,61304.4,0,0.0,61304.4
2024-09-10,61304.4,0,0.0,61304.4
2024-09-11,61304.4,0,0.0,61304.4
2024-09-12,61304.4,0,0.0,61304.4
2024-09-13,61304.4,0,0.0,61304.4
2024-09-18,282.1,20200,62014.0,62296.1
2024-09-19,282.1,20200,62822.0,63104.1
2024-09-20,282.1,20200,63024.0,63306.1
2024-09-23,282.1,20200,63630.0,63912.1
2024-09-24,282.1,20200,65246.0,65528.1
2024-09-25,282.1,20200,65246.0,65528.1
2024-09-26,282.1,20200,66660.0,66942.1
2024-09-27,282.1,20200,68478.0,68760.1
2024-09-30,282.1,20200,73932.0,74214.1
2024-10-08,282.1,20200,76558.0,76840.1
2024-10-09,282.1,20200,70094.0,70376.1
2024-10-10,282.1,20200,77164.0,77446.1
2024-10-11,282.1,20200,76154.0,76436.1
2024-10-14,282.1,20200,76154.0,76436.1
2024-10-15,282.1,20200,72720.0,73002.1
2024-10-16,282.1,20200,73326.0,73608.1
2024-10-17,282.1,20200,71710.0,71992.1
2024-10-18,282.1,20200,72720.0,73002.1
2024-10-21,72705.83,0,0.0,72705.83
2024-10-22,72705.83,0,0.0,72705.83
2024-10-23,72705.83,0,0.0,72705.83
2024-10-24,72705.83,0,0.0,72705.83
2024-10-25,128.06,18700,74052.0,74180.06
2024-10-28,128.06,18700,77605.0,77733.06
2024-10-29,128.06,18700,72930.0,73058.06
2024-10-30,128.06,18700,73491.0,73619.06
2024-10-31,128.06,18700,75174.0,75302.06
2024-11-01,128.06,18700,75922.0,76050.06
2024-11-04,128.06,18700,75361.0,75489.06
2024-11-05,128.06,18700,76857.0,76985.06
2024-11-06,128.06,18700,78727.0,78855.06
2024-11-07,128.06,18700,86581.0,86709.06
2024-11-08,128.06,18700,91256.0,91384.06
2024-11-11,128.06,18700,95370.0,95498.06
2024-11-12,128.06,18700,95744.0,95872.06
2024-11-13,128.06,18700,92939.0,93067.06
2024-11-14,128.06,18700,86768.0,86896.06
2024-11-15,128.06,18700,87516.0,87644.06
2024-11-18,128.06,18700,92939.0,93067.06
2024-11-19,128.06,18700,90508.0,90636.06
2024-11-20,128.06,18700,90882.0,91010.06
2024-11-21,90144.89,0,0.0,90144.89
2024-11-22,90144.89,0,0.0,90144.89
2024-11-25,90144.89,0,0.0,90144.89
2024-11-26,90144.89,0,0.0,90144.89
2024-11-27,90144.89,0,0.0,90144.89
2024-11-28,90144.89,0,0.0,90144.89
2024-11-29,90144.89,0,0.0,90144.89
2024-12-02,90144.89,0,0.0,90144.89
2024-12-03,90144.89,0,0.0,90144.89
2024-12-04,90144.89,0,0.0,90144.89
2024-12-05,90144.89,0,0.0,90144.89
2024-12-06,417.98,19500,93015.0,93432.98
2024-12-09,417.98,19500,90870.0,91287.98
2024-12-10,417.98,19500,90480.0,90897.98
2024-12-11,417.98,19500,93015.0,93432.98
2024-12-12,417.98,19500,93600.0,94017.98
2024-12-13,417.98,19500,89505.0,89922.98
2024-12-16,417.98,19500,88725.0,89142.98
2024-12-17,88443.4,0,0.0,88443.4
2024-12-18,88443.4,0,0.0,88443.4
2024-12-19,88443.4,0,0.0,88443.4
2024-12-20,88443.4,0,0.0,88443.4
2024-12-23,88443.4,0,0.0,88443.4
2024-12-24,88443.4,0,0.0,88443.4
2024-12-25,88443.4,0,0.0,88443.4
2024-12-26,88443.4,0,0.0,88443.4
2024-12-27,88443.4,0,0.0,88443.4
2024-12-30,88443.4,0,0.0,88443.4
2024-12-31,42.88,20600,89198.0,89240.88
2025-01-02,42.88,20600,84460.0,84502.88
2025-01-03,42.88,20600,80546.0,80588.88
2025-01-06,80278.44,0,0.0,80278.44
2025-01-07,80278.44,0,0.0,80278.44
2025-01-08,80278.44,0,0.0,80278.44
2025-01-09,80278.44,0,0.0,80278.44
2025-01-10,80278.44,0,0.0,80278.44
2025-01-13,80278.44,0,0.0,80278.44
2025-01-14,80278.44,0,0.0,80278.44
2025-01-15,80278.44,0,0.0,80278.44
2025-01-16,80278.44,0,0.0,80278.44
2025-01-17,80278.44,0,0.0,80278.44
2025-01-20,80278.44,0,0.0,80278.44
2025-01-21,120.4,20600,79104.0,79224.4
2025-01-22,120.4,20600,78074.0,78194.4
2025-01-23,120.4,20600,78280.0,78400.4
2025-01-24,120.4,20600,78486.0,78606.4
2025-01-27,78298.64,0,0.0,78298.64
2025-02-05,78298.64,0,0.0,78298.64
2025-02-06,78298.64,0,0.0,78298.64
2025-02-07,78298.64,0,0.0,78298.64
2025-02-10,78298.64,0,0.0,78298.64
2025-02-11,263.23,19800,77022.0,77285.23
2025-02-12,263.23,19800,77022.0,77285.23
2025-02-13,263.23,19800,77022.0,77285.23
2025-02-14,263.23,19800,75834.0,76097.23
2025-02-17,263.23,19800,76626.0,76889.23
2025-02-18,263.23,19800,74448.0,74711.23
2025-02-19,74614.45,0,0.0,74614.45
2025-02-20,74614.45,0,0.0,74614.45
2025-02-21,74614.45,0,0.0,74614.45
2025-02-24,74614.45,0,0.0,74614.45
2025-02-25,74614.45,0,0.0,74614.45
2025-02-26,74614.45,0,0.0,74614.45
2025-02-27,74614.45,0,0.0,74614.45
2025-02-28,74614.45,0,0.0,74614.45
2025-03-03,74614.45,0,0.0,74614.45
2025-03-04,74614.45,0,0.0,74614.45
2025-03-05,74614.45,0,0.0,74614.45
2025-03-06,74614.45,0,0.0,74614.45
2025-03-07,74614.45,0,0.0,74614.45
2025-03-10,74614.45,0,0.0,74614.45
2025-03-11,96.1,19200,76032.0,76128.1
2025-03-12,96.1,19200,74880.0,74976.1
2025-03-13,96.1,19200,80064.0,80160.1
2025-03-14,96.1,19200,79488.0,79584.1
2025-03-17,96.1,19200,78336.0,78432.1
2025-03-18,96.1,19200,78528.0,78624.1
2025-03-19,96.1,19200,78528.0,78624.1
2025-03-20,96.1,19200,79296.0,79392.1
2025-03-21,96.1,19200,78528.0,78624.1
2025-03-24,96.1,19200,76992.0,77088.1
2025-03-25,96.1,19200,80640.0,80736.1
2025-03-26,96.1,19200,80256.0,80352.1
2025-03-27,96.1,19200,78912.0,79008.1
2025-03-28,96.1,19200,76608.0,76704.1
2025-03-31,96.1,19200,77760.0,77856.1
2025-04-01,96.1,19200,78720.0,78816.1
2025-04-02,78330.27,0,0.0,78330.27
2025-04-03,78330.27,0,0.0,78330.27
2025-04-07,78330.27,0,0.0,78330.27
2025-04-08,78330.27,0,0.0,78330.27
2025-04-09,78330.27,0,0.0,78330.27
2025-04-10,78330.27,0,0.0,78330.27
2025-04-11,78330.27,0,0.0,78330.27
2025-04-14,78330.27,0,0.0,78330.27
2025-04-15,78330.27,0,0.0,78330.27
2025-04-16,78330.27,0,0.0,78330.27
2025-04-17,78330.27,0,0.0,78330.27
2025-04-18,60.79,20700,77832.0,77892.79
2025-04-21,60.79,20700,78246.0,78306.79
2025-04-22,60.79,20700,78246.0,78306.79
2025-04-23,60.79,20700,78246.0,78306.79
2025-04-24,60.79,20700,78453.0,78513.79
2025-04-25,78618.54,0,0.0,78618.54
2025-04-28,54.97,20400,74664.0,74718.97
2025-04-29,54.97,20400,73644.0,73698.97
2025-04-30,54.97,20400,73236.0,73290.97
2025-05-06,73806.97,0,0.0,73806.97
2025-05-07,73806.97,0,0.0,73806.97
2025-05-08,73806.97,0,0.0,73806.97
2025-05-09,73806.97,0,0.0,73806.97
2025-05-12,73806.97,0,0.0,73806.97
2025-05-13,73806.97,0,0.0,73806.97
2025-05-14,73806.97,0,0.0,73806.97
2025-05-15,303.93,19700,73875.0,74178.93
2025-05-16,303.93,19700,75254.0,75557.93
2025-05-19,303.93,19700,76239.0,76542.93
2025-05-20,303.93,19700,76436.0,76739.93
2025-05-21,303.93,19700,77815.0,78118.93
2025-05-22,303.93,19700,75254.0,75557.93
2025-05-23,303.93,19700,73875.0,74178.93
2025-05-26,303.93,19700,75648.0,75951.93
2025-05-27,303.93,19700,74860.0,75163.93
2025-05-28,303.93,19700,74269.0,74572.93
2025-05-29,74673.12,0,0.0,74673.12
2025-05-30,74673.12,0,0.0,74673.12
2025-06-03,74673.12,0,0.0,74673.12
2025-06-04,74673.12,0,0.0,74673.12
2025-06-05,74673.12,0,0.0,74673.12
2025-06-06,348.83,19400,74884.0,75232.83
2025-06-09,348.83,19400,76242.0,76590.83
2025-06-10,348.83,19400,75272.0,75620.83
2025-06-11,348.83,19400,75272.0,75620.83
2025-06-12,348.83,19400,74496.0,74844.83
2025-06-13,348.83,19400,75272.0,75620.83
2025-06-16,348.83,19400,77018.0,77366.83
2025-06-17,348.83,19400,76436.0,76784.83
2025-06-18,348.83,19400,75272.0,75620.83
2025-06-19,348.83,19400,73720.0,74068.83
2025-06-20,348.83,19400,73332.0,73680.83
2025-06-23,74166.74,0,0.0,74166.74
2025-06-24,74166.74,0,0.0,74166.74
2025-06-25,74166.74,0,0.0,74166.74
2025-06-26,74166.74,0,0.0,74166.74
2025-06-27,74166.74,0,0.0,74166.74
2025-06-30,302.59,18600,73284.0,73586.59
2025-07-01,302.59,18600,73284.0,73586.59
2025-07-02,302.59,18600,74400.0,74702.59
2025-07-03,302.59,18600,74214.0,74516.59
2025-07-04,302.59,18600,73284.0,73586.59
2025-07-07,302.59,18600,76074.0,76376.59
2025-07-08,302.59,18600,75888.0,76190.59
2025-07-09,302.59,18600,76632.0,76934.59
2025-07-10,302.59,18600,78678.0,78980.59
2025-07-11,302.59,18600,78120.0,78422.59
2025-07-14,302.59,18600,82026.0,82328.59
2025-07-15,302.59,18600,78306.0,78608.59
2025-07-16,302.59,18600,76632.0,76934.59
2025-07-17,302.59,18600,77190.0,77492.59
2025-07-18,302.59,18600,76818.0,77120.59
2025-07-21,302.59,18600,77562.0,77864.59
2025-07-22,77763.76,0,0.0,77763.76
2025-07-23,77763.76,0,0.0,77763.76
2025-07-24,91.46,18100,79278.0,79369.46
2025-07-25,91.46,18100,82355.0,82446.46
2025-07-28,91.46,18100,77106.0,77197.46
2025-07-29,91.46,18100,77468.0,77559.46
2025-07-30,91.46,18100,77649.0,77740.46
2025-07-31,91.46,18100,74210.0,74301.46
2025-08-01,91.46,18100,74391.0,74482.46
2025-08-04,74024.23,0,0.0,74024.23
2025-08-05,74024.23,0,0.0,74024.23
2025-08-06,74024.23,0,0.0,74024.23
2025-08-07,74024.23,0,0.0,74024.23
2025-08-08,74024.23,0,0.0,74024.23
2025-08-11,74024.23,0,0.0,74024.23
2025-08-12,258.1,17600,74096.0,74354.1
2025-08-13,258.1,17600,72864.0,73122.1
2025-08-14,258.1,17600,71104.0,71362.1
2025-08-15,71269.67,0,0.0,71269.67
2025-08-18,71269.67,0,0.0,71269.67
2025-08-19,71269.67,0,0.0,71269.67
2025-08-20,71269.67,0,0.0,71269.67
2025-08-21,71269.67,0,0.0,71269.67
2025-08-22,71269.67,0,0.0,71269.67
2025-08-25,71269.67,0,0.0,71269.67
2025-08-26,358.4,17000,72420.0,72778.4
2025-08-27,358.4,17000,69700.0,70058.4
2025-08-28,358.4,17000,69360.0,69718.4
2025-08-29,358.4,17000,68680.0,69038.4
2025-09-01,358.4,17000,69190.0,69548.4
2025-09-02,69288.67,0,0.0,69288.67
2025-09-03,69288.67,0,0.0,69288.67
2025-09-04,69288.67,0,0.0,69288.67
2025-09-05,69288.67,0,0.0,69288.67
2025-09-08,69288.67,0,0.0,69288.67
2025-09-09,69288.67,0,0.0,69288.67
2025-09-10,69288.67,0,0.0,69288.67
2025-09-11,69288.67,0,0.0,69288.67
2025-09-12,12.9,17100,69939.0,69951.9
2025-09-15,12.9,17100,70623.0,70635.9
2025-09-16,12.9,17100,70965.0,70977.9
2025-09-17,12.9,17100,71136.0,71148.9
2025-09-18,12.9,17100,69426.0,69438.9
2025-09-19,12.9,17100,70623.0,70635.9
2025-09-22,12.9,17100,69768.0,69780.9
2025-09-23,12.9,17100,70452.0,70464.9
2025-09-24,12.9,17100,71649.0,71661.9
2025-09-25,12.9,17100,70281.0,70293.9
2025-09-26,12.9,17100,70965.0,70977.9
2025-09-29,12.9,17100,69597.0,69609.9
2025-09-30,12.9,17100,69597.0,69609.9
2025-10-09,12.9,17100,71307.0,71319.9
2025-10-10,71227.2,0,0.0,71227.2
2025-10-13,315.93,17000,72250.0,72565.93
2025-10-14,315.93,17000,76330.0,76645.93
2025-10-15,315.93,17000,78540.0,78855.93
2025-10-16,315.93,17000,83640.0,83955.93
2025-10-17,315.93,17000,84150.0,84465.93
2025-10-20,315.93,17000,92650.0,92965.93
2025-10-21,315.93,17000,93160.0,93475.93
2025-10-22,315.93,17000,86530.0,86845.93
2025-10-23,315.93,17000,95200.0,95515.93
2025-10-24,315.93,17000,87040.0,87355.93
2025-10-27,315.93,17000,95710.0,96025.93
2025-10-28,315.93,17000,101830.0,102145.93
2025-10-29,315.93,17000,99110.0,99425.93
2025-10-30,315.93,17000,91970.0,92285.93
2025-10-31,315.93,17000,89250.0,89565.93
2025-11-03,315.93,17000,90440.0,90755.93
2025-11-04,315.93,17000,93160.0,93475.93
2025-11-05,92845.49,0,0.0,92845.49
2025-11-06,92845.49,0,0.0,92845.49
2025-11-07,92845.49,0,0.0,92845.49
2025-11-10,92845.49,0,0.0,92845.49
2025-11-11,92845.49,0,0.0,92845.49
2025-11-12,417.77,17600,91168.0,91585.77
2025-11-13,417.77,17600,93632.0,94049.77
2025-11-14,93049.19,0,0.0,93049.19
2025-11-17,93049.19,0,0.0,93049.19
2025-11-18,93049.19,0,0.0,93049.19
2025-11-19,93049.19,0,0.0,93049.19
2025-11-20,93049.19,0,0.0,93049.19
2025-11-21,93049.19,0,0.0,93049.19
2025-11-24,93049.19,0,0.0,93049.19
2025-11-25,93049.19,0,0.0,93049.19
2025-11-26,93049.19,0,0.0,93049.19
2025-11-27,93049.19,0,0.0,93049.19
2025-11-28,93049.19,0,0.0,93049.19
2025-12-01,93049.19,0,0.0,93049.19
2025-12-02,93049.19,0,0.0,93049.19
2025-12-03,93049.19,0,0.0,93049.19
2025-12-04,117.32,19600,88592.0,88709.32
2025-12-05,117.32,19600,87220.0,87337.32
2025-12-08,117.32,19600,87220.0,87337.32
2025-12-09,117.32,19600,85652.0,85769.32
2025-12-10,117.32,19600,85652.0,85769.32
2025-12-11,86049.46,0,0.0,86049.46
2025-12-12,86049.46,0,0.0,86049.46
2025-12-15,86049.46,0,0.0,86049.46
2025-12-16,86049.46,0,0.0,86049.46
2025-12-17,86049.46,0,0.0,86049.46
2025-12-18,86049.46,0,0.0,86049.46
2025-12-19,86049.46,0,0.0,86049.46
2025-12-22,86049.46,0,0.0,86049.46
2025-12-23,86049.46,0,0.0,86049.46
2025-12-24,86049.46,0,0.0,86049.46
2025-12-25,86049.46,0,0.0,86049.46
2025-12-26,86049.46,0,0.0,86049.46
2025-12-29,86049.46,0,0.0,86049.46
2025-12-30,173.71,20200,85042.0,85215.71
2025-12-31,85105.15,0,0.0,85105.15
2026-01-05,85105.15,0,0.0,85105.15
2026-01-06,85105.15,0,0.0,85105.15
2026-01-07,85105.15,0,0.0,85105.15
2026-01-08,439.76,18400,84088.0,84527.76
2026-01-09,439.76,18400,83168.0,83607.76
2026-01-12,439.76,18400,84088.0,84527.76
2026-01-13,439.76,18400,81696.0,82135.76
2026-01-14,439.76,18400,82064.0,82503.76
2026-01-15,439.76,18400,81328.0,81767.76
2026-01-16,439.76,18400,82616.0,83055.76
2026-01-19,439.76,18400,82984.0,83423.76
2026-01-20,83315.88,0,0.0,83315.88
2026-01-21,83315.88,0,0.0,83315.88
2026-01-22,411.02,18500,85285.0,85696.02
2026-01-23,411.02,18500,84545.0,84956.02
2026-01-26,411.02,18500,80475.0,80886.02
2026-01-27,411.02,18500,78625.0,79036.02
2026-01-28,79303.32,0,0.0,79303.32
2026-01-29,79303.32,0,0.0,79303.32
2026-01-30,79303.32,0,0.0,79303.32
2026-02-02,79303.32,0,0.0,79303.32
2026-02-03,79303.32,0,0.0,79303.32
2026-02-04,79303.32,0,0.0,79303.32
2026-02-05,79303.32,0,0.0,79303.32
2026-02-06,79303.32,0,0.0,79303.32
2026-02-09,79303.32,0,0.0,79303.32
2026-02-10,79303.32,0,0.0,79303.32
2026-02-11,363.65,18100,79821.0,80184.65
2026-02-12,79538.59,0,0.0,79538.59
2026-02-13,79538.59,0,0.0,79538.59
2026-02-24,275.81,18300,81801.0,82076.81
2026-02-25,81787.71,0,0.0,81787.71
2026-02-26,81787.71,0,0.0,81787.71
2026-02-27,139.22,17900,85920.0,86059.22
2026-03-02,139.22,17900,84846.0,84985.22
2026-03-03,139.22,17900,87710.0,87849.22
2026-03-04,139.22,17900,85562.0,85701.22
2026-03-05,139.22,17900,85562.0,85701.22
2026-03-06,139.22,17900,84846.0,84985.22
2026-03-09,139.22,17900,86278.0,86417.22
2026-03-10,139.22,17900,83772.0,83911.22
2026-03-11,139.22,17900,83593.0,83732.22
2026-03-12,84338.62,0,0.0,84338.62
2026-03-13,128.37,14900,84185.0,84313.37
2026-03-16,128.37,14900,78672.0,78800.37
