date,code,close,ma_short,ma_long,buy_signal,sell_signal
2020-01-02,sh.600121,2.38,,,False,False
2020-01-03,sh.600121,2.39,,,False,False
2020-01-06,sh.600121,2.42,,,False,False
2020-01-07,sh.600121,2.55,,,False,False
2020-01-08,sh.600121,2.43,2.434,,False,False
2020-01-09,sh.600121,2.43,2.444,,False,False
2020-01-10,sh.600121,2.42,2.45,,False,False
2020-01-13,sh.600121,2.44,2.4539999999999997,,False,False
2020-01-14,sh.600121,2.44,2.432,,False,False
2020-01-15,sh.600121,2.4,2.4259999999999997,2.43,False,False
2020-01-16,sh.600121,2.37,2.414,2.429,False,False
2020-01-17,sh.600121,2.36,2.402,2.426,False,False
2020-01-20,sh.600121,2.37,2.3880000000000003,2.421,False,False
2020-01-21,sh.600121,2.35,2.37,2.4010000000000002,False,False
2020-01-22,sh.600121,2.35,2.36,2.393,False,False
2020-01-23,sh.600121,2.23,2.332,2.3729999999999998,False,False
2020-02-03,sh.600121,2.01,2.262,2.332,False,False
2020-02-04,sh.600121,1.96,2.1799999999999997,2.284,False,False
2020-02-05,sh.600121,2.0,2.1100000000000003,2.24,False,False
2020-02-06,sh.600121,2.05,2.05,2.2049999999999996,False,False
2020-02-07,sh.600121,2.02,2.008,2.1700000000000004,False,False
2020-02-10,sh.600121,2.05,2.016,2.139,False,False
2020-02-11,sh.600121,2.09,2.0420000000000003,2.1109999999999998,False,False
2020-02-12,sh.600121,2.1,2.0620000000000003,2.086,False,False
2020-02-13,sh.600121,2.05,2.062,2.056,True,False
2020-02-14,sh.600121,2.06,2.07,2.0389999999999997,False,False
2020-02-17,sh.600121,2.13,2.086,2.0509999999999997,False,False
2020-02-18,sh.600121,2.15,2.098,2.07,False,False
2020-02-19,sh.600121,2.12,2.102,2.082,False,False
2020-02-20,sh.600121,2.17,2.1260000000000003,2.0940000000000003,False,False
2020-02-21,sh.600121,2.18,2.15,2.11,False,False
2020-02-24,sh.600121,2.13,2.15,2.118,False,False
2020-02-25,sh.600121,2.07,2.1340000000000003,2.116,False,False
2020-02-26,sh.600121,2.12,2.134,2.118,False,False
2020-02-27,sh.600121,2.11,2.122,2.1239999999999997,False,True
2020-02-28,sh.600121,2.02,2.09,2.12,False,False
2020-03-02,sh.600121,2.09,2.082,2.116,False,False
2020-03-03,sh.600121,2.1,2.088,2.1109999999999998,False,False
2020-03-04,sh.600121,2.16,2.096,2.115,False,False
2020-03-05,sh.600121,2.21,2.116,2.119,False,False
2020-03-06,sh.600121,2.24,2.1599999999999997,2.125,True,False
2020-03-09,sh.600121,2.14,2.1700000000000004,2.1260000000000003,False,False
2020-03-10,sh.600121,2.19,2.1879999999999997,2.1380000000000003,False,False
2020-03-11,sh.600121,2.16,2.1879999999999997,2.1420000000000003,False,False
2020-03-12,sh.600121,2.11,2.168,2.1420000000000003,False,False
2020-03-13,sh.600121,2.1,2.14,2.15,False,True
2020-03-16,sh.600121,2.05,2.122,2.146,False,False
2020-03-17,sh.600121,2.07,2.098,2.143,False,False
2020-03-18,sh.600121,2.03,2.072,2.13,False,False
2020-03-19,sh.600121,2.05,2.06,2.114,False,False
2020-03-20,sh.600121,2.1,2.0599999999999996,2.1,False,False
2020-03-23,sh.600121,2.01,2.052,2.0869999999999997,False,False
2020-03-24,sh.600121,2.05,2.0479999999999996,2.0729999999999995,False,False
2020-03-25,sh.600121,2.06,2.054,2.0629999999999997,False,False
2020-03-26,sh.600121,2.03,2.05,2.0549999999999997,False,False
2020-03-27,sh.600121,2.05,2.04,2.05,False,False
2020-03-30,sh.600121,2.04,2.0460000000000003,2.049,False,False
2020-03-31,sh.600121,2.02,2.04,2.0439999999999996,False,False
2020-04-01,sh.600121,2.01,2.0300000000000002,2.042,False,False
2020-04-02,sh.600121,2.04,2.032,2.041,False,False
2020-04-03,sh.600121,2.01,2.024,2.032,False,False
2020-04-07,sh.600121,2.05,2.026,2.036,False,False
2020-04-08,sh.600121,2.08,2.038,2.039,False,False
2020-04-09,sh.600121,2.08,2.052,2.0409999999999995,True,False
2020-04-10,sh.600121,2.05,2.054,2.043,False,False
2020-04-13,sh.600121,2.02,2.056,2.04,False,False
2020-04-14,sh.600121,2.04,2.054,2.04,False,False
2020-04-15,sh.600121,2.01,2.04,2.039,False,False
2020-04-16,sh.600121,2.01,2.026,2.039,False,True
2020-04-17,sh.600121,2.02,2.02,2.037,False,False
2020-04-20,sh.600121,2.02,2.0199999999999996,2.038,False,False
2020-04-21,sh.600121,1.98,2.008,2.031,False,False
2020-04-22,sh.600121,2.01,2.008,2.024,False,False
2020-04-23,sh.600121,1.96,1.998,2.012,False,False
2020-04-24,sh.600121,1.94,1.982,2.001,False,False
2020-04-27,sh.600121,1.89,1.956,1.988,False,False
2020-04-28,sh.600121,1.8,1.92,1.9639999999999997,False,False
2020-04-29,sh.600121,1.82,1.8820000000000001,1.9449999999999998,False,False
2020-04-30,sh.600121,1.86,1.862,1.9299999999999997,False,False
2020-05-06,sh.600121,1.86,1.846,1.9139999999999997,False,False
2020-05-07,sh.600121,1.85,1.8380000000000003,1.8969999999999998,False,False
2020-05-08,sh.600121,1.87,1.8519999999999999,1.886,False,False
2020-05-11,sh.600121,1.87,1.862,1.8720000000000003,False,False
2020-05-12,sh.600121,1.84,1.858,1.86,False,False
2020-05-13,sh.600121,1.83,1.8519999999999999,1.8490000000000002,True,False
2020-05-14,sh.600121,1.8,1.842,1.8400000000000003,False,False
2020-05-15,sh.600121,1.85,1.8380000000000003,1.8450000000000002,False,True
2020-05-18,sh.600121,1.82,1.828,1.8450000000000002,False,False
2020-05-19,sh.600121,1.82,1.8240000000000003,1.841,False,False
2020-05-20,sh.600121,1.8,1.818,1.8350000000000002,False,False
2020-05-21,sh.600121,1.79,1.816,1.829,False,False
2020-05-22,sh.600121,1.74,1.794,1.816,False,False
2020-05-25,sh.600121,1.74,1.778,1.8029999999999997,False,False
2020-05-26,sh.600121,1.76,1.766,1.795,False,False
2020-05-27,sh.600121,1.79,1.764,1.791,False,False
2020-05-28,sh.600121,1.77,1.7600000000000002,1.7879999999999998,False,False
2020-05-29,sh.600121,1.77,1.766,1.7799999999999998,False,False
2020-06-01,sh.600121,1.81,1.78,1.779,True,False
2020-06-02,sh.600121,1.82,1.7920000000000003,1.779,False,False
2020-06-03,sh.600121,1.82,1.798,1.781,False,False
2020-06-04,sh.600121,1.86,1.816,1.7879999999999998,False,False
2020-06-05,sh.600121,1.85,1.832,1.7990000000000002,False,False
2020-06-08,sh.600121,1.83,1.8359999999999999,1.8079999999999998,False,False
2020-06-09,sh.600121,1.85,1.842,1.8170000000000002,False,False
2020-06-10,sh.600121,1.83,1.844,1.8210000000000002,False,False
2020-06-11,sh.600121,1.81,1.8340000000000003,1.825,False,False
2020-06-12,sh.600121,1.79,1.8219999999999998,1.827,False,True
2020-06-15,sh.600121,1.77,1.81,1.823,False,False
2020-06-16,sh.600121,1.8,1.8,1.8210000000000002,False,False
2020-06-17,sh.600121,1.83,1.8,1.8220000000000003,False,False
2020-06-18,sh.600121,2.01,1.8399999999999999,1.8370000000000002,True,False
2020-06-19,sh.600121,2.06,1.8940000000000001,1.858,False,False
2020-06-22,sh.600121,1.9,1.9200000000000004,1.8649999999999998,False,False
2020-06-23,sh.600121,1.88,1.936,1.8679999999999999,False,False
2020-06-24,sh.600121,1.85,1.94,1.8699999999999999,False,False
2020-06-29,sh.600121,1.82,1.902,1.871,False,False
2020-06-30,sh.600121,1.83,1.8559999999999999,1.875,False,True
2020-07-01,sh.600121,1.86,1.848,1.8840000000000003,False,False
2020-07-02,sh.600121,1.91,1.8539999999999999,1.895,False,False
2020-07-03,sh.600121,2.05,1.8940000000000001,1.9169999999999998,False,False
2020-07-06,sh.600121,2.15,1.9600000000000002,1.9310000000000003,True,False
2020-07-07,sh.600121,2.07,2.008,1.932,False,False
2020-07-08,sh.600121,2.1,2.056,1.952,False,False
2020-07-09,sh.600121,2.2,2.114,1.984,False,False
2020-07-10,sh.600121,2.1,2.124,2.009,False,False
2020-07-13,sh.600121,2.15,2.1239999999999997,2.042,False,False
2020-07-14,sh.600121,2.2,2.1500000000000004,2.079,False,False
2020-07-15,sh.600121,2.11,2.152,2.104,False,False
2020-07-16,sh.600121,2.04,2.12,2.117,False,False
2020-07-17,sh.600121,2.01,2.1019999999999994,2.1130000000000004,False,True
2020-07-20,sh.600121,2.11,2.0940000000000003,2.109,False,False
2020-07-21,sh.600121,2.09,2.072,2.111,False,False
2020-07-22,sh.600121,2.07,2.064,2.1079999999999997,False,False
2020-07-23,sh.600121,2.05,2.066,2.093,False,False
2020-07-24,sh.600121,1.99,2.0620000000000003,2.082,False,False
2020-07-27,sh.600121,1.98,2.036,2.0650000000000004,False,False
2020-07-28,sh.600121,1.97,2.0119999999999996,2.042,False,False
2020-07-29,sh.600121,2.0,1.998,2.0309999999999997,False,False
2020-07-30,sh.600121,1.99,1.986,2.026,False,False
2020-07-31,sh.600121,1.98,1.984,2.023,False,False
2020-08-03,sh.600121,2.03,1.9939999999999998,2.0149999999999997,False,False
2020-08-04,sh.600121,2.02,2.004,2.008,False,False
2020-08-05,sh.600121,2.03,2.01,2.004,True,False
2020-08-06,sh.600121,2.02,2.0159999999999996,2.0010000000000003,False,False
2020-08-07,sh.600121,1.97,2.0140000000000002,1.9989999999999999,False,False
2020-08-10,sh.600121,2.0,2.008,2.001,False,False
2020-08-11,sh.600121,1.97,1.9979999999999998,2.001,False,True
2020-08-12,sh.600121,1.97,1.986,1.998,False,False
2020-08-13,sh.600121,2.01,1.984,2.0,False,False
2020-08-14,sh.600121,2.02,1.9939999999999998,2.004,False,False
2020-08-17,sh.600121,2.05,2.004,2.006,False,False
2020-08-18,sh.600121,2.15,2.04,2.0189999999999997,True,False
2020-08-19,sh.600121,2.13,2.072,2.029,False,False
2020-08-20,sh.600121,2.08,2.086,2.0349999999999997,False,False
2020-08-21,sh.600121,2.08,2.098,2.0460000000000003,False,False
2020-08-24,sh.600121,2.05,2.098,2.0509999999999997,False,False
2020-08-25,sh.600121,2.03,2.0740000000000003,2.057,False,False
2020-08-26,sh.600121,1.99,2.0460000000000003,2.0589999999999997,False,True
2020-08-27,sh.600121,2.02,2.034,2.06,False,False
2020-08-28,sh.600121,2.03,2.024,2.061,False,False
2020-08-31,sh.600121,2.0,2.0140000000000002,2.056,False,False
2020-09-01,sh.600121,1.99,2.006,2.04,False,False
2020-09-02,sh.600121,2.0,2.008,2.027,False,False
2020-09-03,sh.600121,2.09,2.022,2.028,False,False
2020-09-04,sh.600121,2.03,2.022,2.023,False,False
2020-09-07,sh.600121,2.01,2.024,2.019,True,False
2020-09-08,sh.600121,2.21,2.068,2.037,False,False
2020-09-09,sh.600121,2.43,2.154,2.0810000000000004,False,False
2020-09-10,sh.600121,2.19,2.174,2.098,False,False
2020-09-11,sh.600121,2.07,2.182,2.102,False,False
2020-09-14,sh.600121,2.12,2.2039999999999997,2.114,False,False
2020-09-15,sh.600121,2.08,2.178,2.1229999999999998,False,False
2020-09-16,sh.600121,2.06,2.104,2.129,False,True
2020-09-17,sh.600121,2.04,2.0740000000000003,2.124,False,False
2020-09-18,sh.600121,2.09,2.0780000000000003,2.13,False,False
2020-09-21,sh.600121,2.05,2.0639999999999996,2.134,False,False
2020-09-22,sh.600121,2.03,2.054,2.116,False,False
2020-09-23,sh.600121,2.02,2.0460000000000003,2.0749999999999997,False,False
2020-09-24,sh.600121,1.98,2.034,2.054,False,False
2020-09-25,sh.600121,1.99,2.014,2.0460000000000003,False,False
2020-09-28,sh.600121,2.08,2.0200000000000005,2.042,False,False
2020-09-29,sh.600121,2.03,2.02,2.037,False,False
2020-09-30,sh.600121,2.0,2.016,2.0309999999999997,False,False
2020-10-09,sh.600121,2.05,2.0300000000000002,2.032,False,False
2020-10-12,sh.600121,2.13,2.0580000000000003,2.036,True,False
2020-10-13,sh.600121,2.12,2.066,2.043,False,False
2020-10-14,sh.600121,2.16,2.0919999999999996,2.056,False,False
2020-10-15,sh.600121,2.18,2.128,2.072,False,False
2020-10-16,sh.600121,2.24,2.1660000000000004,2.098,False,False
2020-10-19,sh.600121,2.14,2.168,2.113,False,False
2020-10-20,sh.600121,2.14,2.172,2.119,False,False
2020-10-21,sh.600121,2.12,2.164,2.128,False,False
2020-10-22,sh.600121,2.11,2.1500000000000004,2.1390000000000002,False,False
2020-10-23,sh.600121,2.04,2.1100000000000003,2.138,False,True
2020-10-26,sh.600121,2.04,2.0900000000000003,2.129,False,False
2020-10-27,sh.600121,2.03,2.068,2.12,False,False
2020-10-28,sh.600121,2.06,2.056,2.11,False,False
2020-10-29,sh.600121,2.05,2.0439999999999996,2.097,False,False
2020-10-30,sh.600121,2.01,2.038,2.0740000000000003,False,False
2020-11-02,sh.600121,2.0,2.03,2.06,False,False
2020-11-03,sh.600121,2.14,2.052,2.06,False,False
2020-11-04,sh.600121,2.08,2.056,2.056,False,False
2020-11-05,sh.600121,2.09,2.064,2.054,True,False
2020-11-06,sh.600121,2.12,2.086,2.0620000000000003,False,False
2020-11-09,sh.600121,2.14,2.114,2.072,False,False
2020-11-10,sh.600121,2.2,2.1260000000000003,2.089,False,False
2020-11-11,sh.600121,2.31,2.1719999999999997,2.114,False,False
2020-11-12,sh.600121,2.2,2.194,2.129,False,False
2020-11-13,sh.600121,2.15,2.2,2.143,False,False
2020-11-16,sh.600121,2.37,2.246,2.18,False,False
2020-11-17,sh.600121,2.48,2.302,2.214,False,False
2020-11-18,sh.600121,2.48,2.336,2.254,False,False
2020-11-19,sh.600121,2.34,2.364,2.279,False,False
2020-11-20,sh.600121,2.57,2.4479999999999995,2.324,False,False
2020-11-23,sh.600121,2.83,2.54,2.393,False,False
2020-11-24,sh.600121,3.11,2.666,2.484,False,False
2020-11-25,sh.600121,3.42,2.854,2.5949999999999998,False,False
2020-11-26,sh.600121,3.08,3.002,2.6830000000000003,False,False
2020-11-27,sh.600121,3.39,3.1660000000000004,2.807,False,False
2020-11-30,sh.600121,3.73,3.346,2.943,False,False
2020-12-01,sh.600121,4.1,3.5439999999999996,3.105,False,False
2020-12-02,sh.600121,4.51,3.7619999999999996,3.308,False,False
2020-12-03,sh.600121,4.72,4.09,3.5460000000000003,False,False
2020-12-04,sh.600121,4.25,4.262,3.714,False,False
2020-12-07,sh.600121,4.29,4.374,3.8600000000000003,False,False
2020-12-08,sh.600121,4.49,4.452,3.998,False,False
2020-12-09,sh.600121,4.94,4.538,4.15,False,False
2020-12-10,sh.600121,4.73,4.54,4.315,False,False
2020-12-11,sh.600121,4.99,4.688000000000001,4.475,False,False
2020-12-14,sh.600121,4.85,4.8,4.587,False,False
2020-12-15,sh.600121,4.58,4.818,4.635,False,False
2020-12-16,sh.600121,4.16,4.662000000000001,4.6,False,False
2020-12-17,sh.600121,4.4,4.596,4.568,False,False
2020-12-18,sh.600121,4.84,4.566,4.627000000000001,False,True
2020-12-21,sh.600121,5.32,4.66,4.73,False,False
2020-12-22,sh.600121,5.85,4.914,4.866,True,False
2020-12-23,sh.600121,6.44,5.37,5.016,False,False
2020-12-24,sh.600121,7.08,5.906000000000001,5.2509999999999994,False,False
2020-12-25,sh.600121,7.79,6.496,5.531000000000001,False,False
2020-12-28,sh.600121,8.57,7.146000000000001,5.9030000000000005,False,False
2020-12-29,sh.600121,8.22,7.62,6.267,False,False
2020-12-30,sh.600121,9.04,8.14,6.755,False,False
2020-12-31,sh.600121,9.32,8.588000000000001,7.247,False,False
2021-01-04,sh.600121,9.14,8.858,7.677,False,False
2021-01-05,sh.600121,8.44,8.831999999999999,7.989,False,False
2021-01-06,sh.600121,8.72,8.931999999999999,8.276,False,False
2021-01-07,sh.600121,8.28,8.78,8.459999999999999,False,False
2021-01-08,sh.600121,8.34,8.584,8.586,False,True
2021-01-11,sh.600121,8.23,8.402,8.629999999999999,False,False
2021-01-12,sh.600121,7.77,8.268,8.55,False,False
2021-01-13,sh.600121,8.25,8.174000000000001,8.553,False,False
2021-01-14,sh.600121,7.43,8.004,8.392,False,False
2021-01-15,sh.600121,6.85,7.706,8.145,False,False
2021-01-18,sh.600121,7.16,7.492,7.947,False,False
2021-01-19,sh.600121,7.0,7.337999999999999,7.803,False,False
2021-01-20,sh.600121,7.17,7.122,7.648000000000001,False,False
2021-01-21,sh.600121,7.01,7.037999999999999,7.521000000000001,False,False
2021-01-22,sh.600121,6.59,6.986,7.345999999999999,False,False
2021-01-25,sh.600121,6.69,6.892,7.192,False,False
2021-01-26,sh.600121,6.48,6.788000000000001,7.063,False,False
2021-01-27,sh.600121,6.15,6.5840000000000005,6.853,False,False
2021-01-28,sh.600121,6.0,6.382000000000001,6.709999999999999,False,False
2021-01-29,sh.600121,5.53,6.17,6.578,False,False
2021-02-01,sh.600121,6.08,6.048,6.470000000000001,False,False
2021-02-02,sh.600121,5.47,5.846,6.317,False,False
2021-02-03,sh.600121,5.37,5.6899999999999995,6.1370000000000005,False,False
2021-02-04,sh.600121,5.11,5.512,5.947000000000001,False,False
2021-02-05,sh.600121,4.82,5.37,5.7700000000000005,False,False
2021-02-08,sh.600121,4.87,5.128,5.588,False,False
2021-02-09,sh.600121,5.36,5.106,5.476,False,False
2021-02-10,sh.600121,4.82,4.996,5.343,False,False
2021-02-18,sh.600121,5.07,4.988,5.25,False,False
2021-02-19,sh.600121,5.11,5.046000000000001,5.208,False,False
2021-02-22,sh.600121,5.21,5.114,5.121,False,False
2021-02-23,sh.600121,4.93,5.0280000000000005,5.067,False,False
2021-02-24,sh.600121,4.68,5.0,4.997999999999999,True,False
2021-02-25,sh.600121,4.8,4.946,4.9670000000000005,False,True
2021-02-26,sh.600121,4.5,4.824,4.935,False,False
2021-03-01,sh.600121,4.6,4.702,4.9079999999999995,False,False
2021-03-02,sh.600121,4.66,4.648000000000001,4.838,False,False
2021-03-03,sh.600121,4.85,4.682,4.840999999999999,False,False
2021-03-04,sh.600121,5.34,4.79,4.868,False,False
2021-03-05,sh.600121,5.87,5.064,4.944,True,False
2021-03-08,sh.600121,6.46,5.436,5.069,False,False
2021-03-09,sh.600121,7.11,5.926,5.287,False,False
2021-03-10,sh.600121,6.94,6.343999999999999,5.513,False,False
2021-03-11,sh.600121,6.63,6.601999999999999,5.696,False,False
2021-03-12,sh.600121,7.29,6.886,5.975,False,False
2021-03-15,sh.600121,6.58,6.909999999999999,6.173,False,False
2021-03-16,sh.600121,6.46,6.779999999999999,6.353,False,False
2021-03-17,sh.600121,6.66,6.724000000000001,6.534000000000001,False,False
2021-03-18,sh.600121,6.2,6.638,6.62,False,False
2021-03-19,sh.600121,6.06,6.392,6.639,False,True
2021-03-22,sh.600121,6.21,6.3180000000000005,6.614,False,False
2021-03-23,sh.600121,5.71,6.168,6.474000000000001,False,False
2021-03-24,sh.600121,5.15,5.8660000000000005,6.295,False,False
2021-03-25,sh.600121,5.67,5.76,6.199,False,False
2021-03-26,sh.600121,5.52,5.651999999999999,6.022,False,False
2021-03-29,sh.600121,5.56,5.522,5.92,False,False
2021-03-30,sh.600121,5.27,5.434,5.801,False,False
2021-03-31,sh.600121,5.39,5.481999999999999,5.674,False,False
2021-04-01,sh.600121,5.68,5.484,5.622,False,False
2021-04-02,sh.600121,5.47,5.473999999999999,5.563000000000001,False,False
2021-04-06,sh.600121,5.59,5.4799999999999995,5.5009999999999994,False,False
2021-04-07,sh.600121,6.15,5.656000000000001,5.545,True,False
2021-04-08,sh.600121,6.11,5.8,5.641,False,False
2021-04-09,sh.600121,5.91,5.846,5.665,False,False
2021-04-12,sh.600121,6.07,5.965999999999999,5.72,False,False
2021-04-13,sh.600121,5.66,5.98,5.73,False,False
2021-04-14,sh.600121,5.6,5.87,5.763,False,False
2021-04-15,sh.600121,5.77,5.8020000000000005,5.801,False,False
2021-04-16,sh.600121,5.76,5.772,5.808999999999999,False,True
2021-04-19,sh.600121,5.75,5.708,5.837,False,False
2021-04-20,sh.600121,5.8,5.736,5.858,False,False
2021-04-21,sh.600121,5.62,5.74,5.805,False,False
2021-04-22,sh.600121,5.63,5.712,5.757,False,False
2021-04-23,sh.600121,5.42,5.644,5.708,False,False
2021-04-26,sh.600121,5.45,5.5840000000000005,5.646,False,False
2021-04-27,sh.600121,5.18,5.46,5.598,False,False
2021-04-28,sh.600121,5.19,5.374,5.557,False,False
2021-04-29,sh.600121,5.21,5.29,5.5009999999999994,False,False
2021-04-30,sh.600121,5.06,5.218000000000001,5.431,False,False
2021-05-06,sh.600121,5.31,5.1899999999999995,5.387,False,False
2021-05-07,sh.600121,5.84,5.322,5.391,False,False
2021-05-10,sh.600121,6.2,5.524,5.449,True,False
2021-05-11,sh.600121,6.17,5.715999999999999,5.503,False,False
2021-05-12,sh.600121,6.07,5.917999999999999,5.568,False,False
2021-05-13,sh.600121,5.94,6.044,5.617,False,False
2021-05-14,sh.600121,5.76,6.0280000000000005,5.675,False,False
2021-05-17,sh.600121,5.61,5.91,5.7170000000000005,False,False
2021-05-18,sh.600121,5.66,5.808000000000001,5.7620000000000005,False,False
2021-05-19,sh.600121,5.72,5.7379999999999995,5.828,False,True
2021-05-20,sh.600121,5.48,5.646,5.845000000000001,False,False
2021-05-21,sh.600121,5.64,5.622,5.825,False,False
2021-05-24,sh.600121,5.63,5.6259999999999994,5.768,False,False
2021-05-25,sh.600121,5.95,5.684,5.746,False,False
2021-05-26,sh.600121,5.8,5.7,5.719,False,False
2021-05-27,sh.600121,5.79,5.7620000000000005,5.704,True,False
2021-05-28,sh.600121,5.67,5.768,5.695,False,False
2021-05-31,sh.600121,5.67,5.776000000000001,5.701,False,False
2021-06-01,sh.600121,5.81,5.747999999999999,5.715999999999999,False,False
2021-06-02,sh.600121,6.02,5.792,5.7459999999999996,False,False
2021-06-03,sh.600121,6.62,5.958,5.86,False,False
2021-06-04,sh.600121,6.01,6.026,5.897,False,False
2021-06-07,sh.600121,5.94,6.08,5.927999999999999,False,False
2021-06-08,sh.600121,5.81,6.08,5.914,False,False
2021-06-09,sh.600121,6.07,6.09,5.941,False,False
2021-06-10,sh.600121,5.89,5.944,5.951,False,True
2021-06-11,sh.600121,5.88,5.918,5.9719999999999995,False,False
2021-06-15,sh.600121,5.93,5.9159999999999995,5.998,False,False
2021-06-16,sh.600121,5.51,5.856,5.968,False,False
2021-06-17,sh.600121,5.5,5.742,5.916,False,False
2021-06-18,sh.600121,5.48,5.659999999999999,5.802,False,False
2021-06-21,sh.600121,5.59,5.601999999999999,5.76,False,False
2021-06-22,sh.600121,5.74,5.564,5.74,False,False
2021-06-23,sh.600121,5.67,5.596000000000001,5.726,False,False
2021-06-24,sh.600121,5.53,5.602,5.672,False,False
2021-06-25,sh.600121,5.57,5.62,5.64,False,False
2021-06-28,sh.600121,5.37,5.576,5.589,False,False
2021-06-29,sh.600121,5.31,5.49,5.527,False,False
2021-06-30,sh.600121,5.25,5.406000000000001,5.5009999999999994,False,False
2021-07-01,sh.600121,5.19,5.338,5.470000000000001,False,False
2021-07-02,sh.600121,5.12,5.248,5.434,False,False
2021-07-05,sh.600121,5.33,5.24,5.4079999999999995,False,False
2021-07-06,sh.600121,5.29,5.236,5.363,False,False
2021-07-07,sh.600121,5.29,5.244000000000001,5.325,False,False
2021-07-08,sh.600121,5.18,5.242,5.29,False,False
2021-07-09,sh.600121,5.3,5.2780000000000005,5.263,True,False
2021-07-12,sh.600121,5.31,5.274,5.257,False,False
2021-07-13,sh.600121,5.47,5.31,5.273000000000001,False,False
2021-07-14,sh.600121,5.6,5.372,5.308,False,False
2021-07-15,sh.600121,5.42,5.42,5.331,False,False
2021-07-16,sh.600121,5.43,5.446,5.362,False,False
2021-07-19,sh.600121,5.51,5.486,5.38,False,False
2021-07-20,sh.600121,5.39,5.47,5.39,False,False
2021-07-21,sh.600121,5.31,5.412000000000001,5.392,False,False
2021-07-22,sh.600121,5.32,5.392,5.406000000000001,False,True
2021-07-23,sh.600121,5.42,5.39,5.417999999999999,False,False
2021-07-26,sh.600121,5.25,5.337999999999999,5.412000000000001,False,False
2021-07-27,sh.600121,5.14,5.288,5.379,False,False
2021-07-28,sh.600121,4.78,5.182,5.297,False,False
2021-07-29,sh.600121,4.84,5.086,5.239,False,False
2021-07-30,sh.600121,4.92,4.986,5.188,False,False
2021-08-02,sh.600121,4.9,4.9159999999999995,5.127000000000001,False,False
2021-08-03,sh.600121,4.75,4.837999999999999,5.063000000000001,False,False
2021-08-04,sh.600121,4.85,4.851999999999999,5.017,False,False
2021-08-05,sh.600121,4.88,4.86,4.973,False,False
2021-08-06,sh.600121,4.92,4.86,4.923,False,False
2021-08-09,sh.600121,4.86,4.851999999999999,4.884,False,False
2021-08-10,sh.600121,4.9,4.882,4.86,True,False
2021-08-11,sh.600121,5.09,4.93,4.891,False,False
2021-08-12,sh.600121,5.04,4.962000000000001,4.911,False,False
2021-08-13,sh.600121,5.03,4.984,4.922,False,False
2021-08-16,sh.600121,5.06,5.024,4.938,False,False
2021-08-17,sh.600121,4.88,5.02,4.951,False,False
2021-08-18,sh.600121,4.9,4.981999999999999,4.9559999999999995,False,False
2021-08-19,sh.600121,4.82,4.938,4.95,False,True
2021-08-20,sh.600121,4.76,4.8839999999999995,4.934,False,False
2021-08-23,sh.600121,4.91,4.854,4.939,False,False
2021-08-24,sh.600121,5.02,4.882,4.9510000000000005,False,False
2021-08-25,sh.600121,5.21,4.944,4.962999999999999,False,False
2021-08-26,sh.600121,5.3,5.039999999999999,4.989,True,False
2021-08-27,sh.600121,5.18,5.124,5.004,False,False
2021-08-30,sh.600121,5.33,5.208,5.031000000000001,False,False
2021-08-31,sh.600121,5.61,5.326,5.104,False,False
2021-09-01,sh.600121,5.32,5.348,5.146,False,False
2021-09-02,sh.600121,5.61,5.409999999999999,5.225,False,False
2021-09-03,sh.600121,5.41,5.456,5.29,False,False
2021-09-06,sh.600121,5.38,5.466,5.337,False,False
2021-09-07,sh.600121,5.64,5.4719999999999995,5.398999999999999,False,False
2021-09-08,sh.600121,6.1,5.628,5.488,False,False
2021-09-09,sh.600121,6.3,5.766,5.587999999999999,False,False
2021-09-10,sh.600121,5.97,5.878,5.667,False,False
2021-09-13,sh.600121,6.03,6.008,5.737,False,False
2021-09-14,sh.600121,5.82,6.044,5.758,False,False
2021-09-15,sh.600121,5.98,6.0200000000000005,5.824,False,False
2021-09-16,sh.600121,5.91,5.942,5.854,False,False
2021-09-17,sh.600121,5.69,5.886,5.882,False,False
2021-09-22,sh.600121,6.06,5.892,5.95,False,True
2021-09-23,sh.600121,5.99,5.926,5.985,False,False
2021-09-24,sh.600121,5.58,5.846,5.933,False,False
2021-09-27,sh.600121,5.29,5.7219999999999995,5.832000000000001,False,False
2021-09-28,sh.600121,5.82,5.748,5.817,False,False
2021-09-29,sh.600121,5.88,5.712,5.8020000000000005,False,False
2021-09-30,sh.600121,5.85,5.684,5.805000000000001,False,False
2021-10-08,sh.600121,5.95,5.758,5.802,False,False
2021-10-11,sh.600121,6.45,5.99,5.856,True,False
2021-10-12,sh.600121,6.22,6.07,5.909,False,False
2021-10-13,sh.600121,5.8,6.054,5.883000000000001,False,False
2021-10-14,sh.600121,5.63,6.01,5.8469999999999995,False,False
2021-10-15,sh.600121,5.69,5.958,5.8580000000000005,False,False
2021-10-18,sh.600121,6.23,5.914,5.952,False,True
2021-10-19,sh.600121,6.2,5.910000000000001,5.99,False,False
2021-10-20,sh.600121,5.67,5.884,5.968999999999999,False,False
2021-10-21,sh.600121,5.76,5.909999999999999,5.96,False,False
2021-10-22,sh.600121,5.46,5.864,5.9110000000000005,False,False
2021-10-25,sh.600121,5.47,5.712000000000001,5.813000000000001,False,False
2021-10-26,sh.600121,5.43,5.558,5.734,False,False
2021-10-27,sh.600121,5.24,5.4719999999999995,5.678,False,False
2021-10-28,sh.600121,4.95,5.3100000000000005,5.61,False,False
2021-10-29,sh.600121,4.94,5.206,5.534999999999999,False,False
2021-11-01,sh.600121,4.96,5.104000000000001,5.4079999999999995,False,False
2021-11-02,sh.600121,5.0,5.018000000000001,5.287999999999999,False,False
2021-11-03,sh.600121,5.06,4.982,5.226999999999999,False,False
2021-11-04,sh.600121,4.97,4.986,5.148,False,False
2021-11-05,sh.600121,4.84,4.965999999999999,5.086,False,False
2021-11-08,sh.600121,4.88,4.95,5.026999999999999,False,False
2021-11-09,sh.600121,4.87,4.9239999999999995,4.971,False,False
2021-11-10,sh.600121,4.81,4.874,4.927999999999999,False,False
2021-11-11,sh.600121,4.85,4.85,4.918,False,False
2021-11-12,sh.600121,4.78,4.838,4.901999999999999,False,False
2021-11-15,sh.600121,4.75,4.812,4.881,False,False
2021-11-16,sh.600121,4.65,4.768,4.846,False,False
2021-11-17,sh.600121,4.69,4.744000000000001,4.809,False,False
2021-11-18,sh.600121,4.91,4.756,4.803,False,False
2021-11-19,sh.600121,4.88,4.776,4.807,False,False
2021-11-22,sh.600121,4.85,4.796,4.804,False,False
2021-11-23,sh.600121,4.89,4.843999999999999,4.805999999999999,True,False
2021-11-24,sh.600121,4.92,4.89,4.817,False,False
2021-11-25,sh.600121,4.84,4.8759999999999994,4.816,False,False
2021-11-26,sh.600121,4.76,4.851999999999999,4.814,False,False
2021-11-29,sh.600121,4.72,4.826,4.811,False,False
2021-11-30,sh.600121,4.76,4.8,4.822,False,True
2021-12-01,sh.600121,4.8,4.776,4.833,False,False
2021-12-02,sh.600121,4.76,4.76,4.818,False,False
2021-12-03,sh.600121,4.84,4.776000000000001,4.813999999999999,False,False
2021-12-06,sh.600121,4.83,4.798,4.812,False,False
2021-12-07,sh.600121,4.8,4.806,4.803,True,False
2021-12-08,sh.600121,4.8,4.806,4.7909999999999995,False,False
2021-12-09,sh.600121,4.86,4.8260000000000005,4.792999999999999,False,False
2021-12-10,sh.600121,4.84,4.826,4.801,False,False
2021-12-13,sh.600121,4.87,4.8340000000000005,4.816,False,False
2021-12-14,sh.600121,4.82,4.837999999999999,4.822,False,False
2021-12-15,sh.600121,4.86,4.8500000000000005,4.828,False,False
2021-12-16,sh.600121,5.25,4.928,4.877,False,False
2021-12-17,sh.600121,5.07,4.974,4.9,False,False
2021-12-20,sh.600121,4.95,4.99,4.912000000000001,False,False
2021-12-21,sh.600121,5.0,5.026000000000001,4.932,False,False
2021-12-22,sh.600121,4.95,5.044,4.947000000000001,False,False
2021-12-23,sh.600121,4.99,4.992,4.96,False,False
2021-12-24,sh.600121,4.89,4.956,4.965,False,True
2021-12-27,sh.600121,4.88,4.942,4.966,False,False
2021-12-28,sh.600121,4.81,4.904,4.965000000000001,False,False
2021-12-29,sh.600121,4.81,4.8759999999999994,4.96,False,False
2021-12-30,sh.600121,4.78,4.834,4.913,False,False
2021-12-31,sh.600121,4.78,4.812,4.884,False,False
2022-01-04,sh.600121,5.05,4.845999999999999,4.894,False,False
2022-01-05,sh.600121,4.89,4.862,4.883,False,False
2022-01-06,sh.600121,4.88,4.876,4.8759999999999994,True,False
2022-01-07,sh.600121,4.85,4.89,4.862,False,False
2022-01-10,sh.600121,4.85,4.903999999999999,4.858,False,False
2022-01-11,sh.600121,4.82,4.858,4.851999999999999,False,False
2022-01-12,sh.600121,4.81,4.8420000000000005,4.851999999999999,False,True
2022-01-13,sh.600121,4.82,4.83,4.853,False,False
2022-01-14,sh.600121,4.72,4.804,4.8469999999999995,False,False
2022-01-17,sh.600121,4.73,4.78,4.8420000000000005,False,False
2022-01-18,sh.600121,4.73,4.762,4.8100000000000005,False,False
2022-01-19,sh.600121,4.74,4.748,4.795,False,False
2022-01-20,sh.600121,4.65,4.714,4.772,False,False
2022-01-21,sh.600121,4.75,4.720000000000001,4.7620000000000005,False,False
2022-01-24,sh.600121,4.62,4.698,4.739,False,False
2022-01-25,sh.600121,4.41,4.634,4.698,False,False
2022-01-26,sh.600121,4.32,4.55,4.649,False,False
2022-01-27,sh.600121,4.08,4.436,4.575,False,False
2022-01-28,sh.600121,4.09,4.304,4.5120000000000005,False,False
2022-02-07,sh.600121,4.18,4.215999999999999,4.457,False,False
2022-02-08,sh.600121,4.33,4.2,4.417,False,False
2022-02-09,sh.600121,4.36,4.208,4.379,False,False
2022-02-10,sh.600121,4.39,4.2700000000000005,4.353,False,False
2022-02-11,sh.600121,4.35,4.322,4.313000000000001,True,False
2022-02-14,sh.600121,4.27,4.34,4.2780000000000005,False,False
2022-02-15,sh.600121,4.23,4.319999999999999,4.26,False,False
2022-02-16,sh.600121,4.27,4.302,4.255,False,False
2022-02-17,sh.600121,4.22,4.267999999999999,4.269,False,True
2022-02-18,sh.600121,4.35,4.268,4.295,False,False
2022-02-21,sh.600121,4.5,4.314,4.327,False,False
2022-02-22,sh.600121,4.45,4.358,4.339,True,False
2022-02-23,sh.600121,4.43,4.39,4.346,False,False
2022-02-24,sh.600121,4.32,4.409999999999999,4.339,False,False
2022-02-25,sh.600121,4.27,4.394,4.3309999999999995,False,False
2022-02-28,sh.600121,4.29,4.351999999999999,4.333,False,False
2022-03-01,sh.600121,4.4,4.3420000000000005,4.35,False,True
2022-03-02,sh.600121,4.46,4.348000000000001,4.369,False,False
2022-03-03,sh.600121,4.54,4.392,4.401000000000001,False,False
2022-03-04,sh.600121,4.5,4.438000000000001,4.4159999999999995,True,False
2022-03-07,sh.600121,4.45,4.47,4.411,False,False
2022-03-08,sh.600121,4.26,4.442,4.3919999999999995,False,False
2022-03-09,sh.600121,4.32,4.414,4.380999999999999,False,False
2022-03-10,sh.600121,4.34,4.3740000000000006,4.383,False,True
2022-03-11,sh.600121,4.29,4.332,4.385,False,False
2022-03-14,sh.600121,4.14,4.2700000000000005,4.37,False,False
2022-03-15,sh.600121,3.78,4.1739999999999995,4.308,False,False
2022-03-16,sh.600121,3.86,4.081999999999999,4.248,False,False
2022-03-17,sh.600121,3.93,4.0,4.186999999999999,False,False
2022-03-18,sh.600121,4.32,4.006,4.1690000000000005,False,False
2022-03-21,sh.600121,4.46,4.069999999999999,4.17,False,False
2022-03-22,sh.600121,4.52,4.218,4.196,True,False
2022-03-23,sh.600121,4.43,4.331999999999999,4.207,False,False
2022-03-24,sh.600121,4.35,4.4159999999999995,4.208,False,False
2022-03-25,sh.600121,4.31,4.414,4.209999999999999,False,False
2022-03-28,sh.600121,4.41,4.404,4.237,False,False
2022-03-29,sh.600121,4.38,4.3759999999999994,4.297,False,False
2022-03-30,sh.600121,4.3,4.35,4.340999999999999,False,False
2022-03-31,sh.600121,4.3,4.34,4.377999999999999,False,True
2022-04-01,sh.600121,4.29,4.336,4.375,False,False
2022-04-06,sh.600121,4.28,4.3100000000000005,4.356999999999999,False,False
2022-04-07,sh.600121,4.2,4.274,4.325,False,False
2022-04-08,sh.600121,4.14,4.242,4.296,False,False
2022-04-11,sh.600121,4.02,4.186,4.263,False,False
2022-04-12,sh.600121,4.15,4.1579999999999995,4.247,False,False
2022-04-13,sh.600121,4.32,4.1659999999999995,4.238,False,False
2022-04-14,sh.600121,4.52,4.2299999999999995,4.252,False,False
2022-04-15,sh.600121,4.84,4.369999999999999,4.306,True,False
2022-04-18,sh.600121,4.36,4.438,4.312,False,False
2022-04-19,sh.600121,4.36,4.48,4.319,False,False
2022-04-20,sh.600121,4.28,4.4719999999999995,4.319000000000001,False,False
2022-04-21,sh.600121,4.71,4.51,4.37,False,False
2022-04-22,sh.600121,4.6,4.462000000000001,4.4159999999999995,False,False
2022-04-25,sh.600121,4.14,4.418000000000001,4.428,False,True
2022-04-26,sh.600121,3.73,4.292,4.386,False,False
2022-04-27,sh.600121,3.71,4.178,4.325,False,False
2022-04-28,sh.600121,3.63,3.9619999999999997,4.236,False,False
2022-04-29,sh.600121,3.79,3.8,4.130999999999999,False,False
2022-05-05,sh.600121,3.94,3.7600000000000002,4.089,False,False
2022-05-06,sh.600121,3.86,3.786,4.039,False,False
2022-05-09,sh.600121,3.83,3.81,3.9939999999999998,False,False
2022-05-10,sh.600121,3.79,3.842,3.9019999999999997,False,False
2022-05-11,sh.600121,3.8,3.844,3.822,True,False
2022-05-12,sh.600121,3.9,3.836,3.7980000000000005,False,False
2022-05-13,sh.600121,3.87,3.8379999999999996,3.812,False,False
2022-05-16,sh.600121,3.94,3.8600000000000003,3.8349999999999995,False,False
2022-05-17,sh.600121,3.91,3.8840000000000003,3.8630000000000004,False,False
2022-05-18,sh.600121,3.85,3.8939999999999997,3.8690000000000007,False,False
2022-05-19,sh.600121,3.86,3.886,3.8609999999999998,False,False
2022-05-20,sh.600121,4.03,3.918,3.878,False,False
2022-05-23,sh.600121,4.15,3.96,3.91,False,False
2022-05-24,sh.600121,4.25,4.0280000000000005,3.9560000000000004,False,False
2022-05-25,sh.600121,4.26,4.109999999999999,4.002000000000001,False,False
2022-05-26,sh.600121,4.44,4.226,4.055999999999999,False,False
2022-05-27,sh.600121,4.8,4.380000000000001,4.149,False,False
2022-05-30,sh.600121,4.61,4.4719999999999995,4.216,False,False
2022-05-31,sh.600121,4.54,4.529999999999999,4.279,False,False
2022-06-01,sh.600121,4.54,4.586,4.348,False,False
2022-06-02,sh.600121,4.44,4.586,4.406000000000001,False,False
2022-06-06,sh.600121,4.54,4.534000000000001,4.457,False,False
2022-06-07,sh.600121,4.48,4.508000000000001,4.49,False,False
2022-06-08,sh.600121,4.66,4.532,4.531000000000001,False,False
2022-06-09,sh.600121,5.13,4.65,4.618,False,False
2022-06-10,sh.600121,5.64,4.890000000000001,4.738,False,False
2022-06-13,sh.600121,6.2,5.2219999999999995,4.878,False,False
2022-06-14,sh.600121,6.82,5.6899999999999995,5.099,False,False
2022-06-15,sh.600121,7.5,6.258,5.3950000000000005,False,False
2022-06-16,sh.600121,6.8,6.5920000000000005,5.621,False,False
2022-06-17,sh.600121,6.85,6.8340000000000005,5.862,False,False
2022-06-20,sh.600121,7.04,7.002,6.112,False,False
2022-06-21,sh.600121,6.84,7.006,6.348000000000001,False,False
2022-06-22,sh.600121,7.52,7.01,6.634,False,False
2022-06-23,sh.600121,7.22,7.093999999999999,6.843000000000001,False,False
2022-06-24,sh.600121,6.99,7.122,6.978,False,False
2022-06-27,sh.600121,6.56,7.026000000000001,7.014,False,False
2022-06-28,sh.600121,6.3,6.917999999999999,6.961999999999999,False,True
2022-06-29,sh.600121,5.94,6.602000000000001,6.806,False,False
2022-06-30,sh.600121,5.88,6.334,6.714,False,False
2022-07-01,sh.600121,5.79,6.093999999999999,6.608,False,False
2022-07-04,sh.600121,5.81,5.944,6.484999999999999,False,False
2022-07-05,sh.600121,6.18,5.92,6.419,False,False
2022-07-06,sh.600121,5.74,5.88,6.241,False,False
2022-07-07,sh.600121,5.61,5.8260000000000005,6.08,False,False
2022-07-08,sh.600121,5.47,5.7620000000000005,5.928,False,False
2022-07-11,sh.600121,5.44,5.688,5.816,False,False
2022-07-12,sh.600121,5.37,5.526,5.723,False,False
2022-07-13,sh.600121,5.51,5.48,5.680000000000001,False,False
2022-07-14,sh.600121,5.66,5.49,5.6579999999999995,False,False
2022-07-15,sh.600121,5.48,5.492,5.627000000000001,False,False
2022-07-18,sh.600121,5.64,5.532000000000001,5.609999999999999,False,False
2022-07-19,sh.600121,5.53,5.564,5.545,True,False
2022-07-20,sh.600121,5.47,5.556,5.518000000000001,False,False
2022-07-21,sh.600121,5.42,5.508,5.4990000000000006,False,False
2022-07-22,sh.600121,5.39,5.49,5.491,False,True
2022-07-25,sh.600121,5.31,5.424,5.478,False,False
2022-07-26,sh.600121,5.41,5.4,5.482,False,False
2022-07-27,sh.600121,5.44,5.394,5.475,False,False
2022-07-28,sh.600121,5.5,5.41,5.4590000000000005,False,False
2022-07-29,sh.600121,5.33,5.398,5.444,False,False
2022-08-01,sh.600121,5.47,5.43,5.427,True,False
2022-08-02,sh.600121,5.12,5.372,5.386,False,True
2022-08-03,sh.600121,4.99,5.282,5.338,False,False
2022-08-04,sh.600121,5.14,5.209999999999999,5.3100000000000005,False,False
2022-08-05,sh.600121,5.16,5.176,5.287000000000001,False,False
2022-08-08,sh.600121,5.3,5.142,5.286,False,False
2022-08-09,sh.600121,5.83,5.284000000000001,5.328,False,False
2022-08-10,sh.600121,6.04,5.494,5.388,True,False
2022-08-11,sh.600121,5.86,5.638,5.4239999999999995,False,False
2022-08-12,sh.600121,6.03,5.812,5.494,False,False
2022-08-15,sh.600121,6.22,5.996,5.569,False,False
2022-08-16,sh.600121,6.14,6.058,5.671,False,False
2022-08-17,sh.600121,6.08,6.066,5.779999999999999,False,False
2022-08-18,sh.600121,5.93,6.08,5.859,False,False
2022-08-19,sh.600121,5.96,6.066,5.939,False,False
2022-08-22,sh.600121,6.1,6.042,6.019,False,False
2022-08-23,sh.600121,6.11,6.036,6.047,False,True
2022-08-24,sh.600121,6.36,6.0920000000000005,6.079,True,False
2022-08-25,sh.600121,6.69,6.244000000000001,6.162000000000001,False,False
2022-08-26,sh.600121,6.3,6.312,6.189,False,False
2022-08-29,sh.600121,6.31,6.354,6.198,False,False
2022-08-30,sh.600121,6.0,6.332,6.184,False,False
2022-08-31,sh.600121,5.55,6.17,6.131,False,False
2022-09-01,sh.600121,6.11,6.054,6.148999999999999,False,True
2022-09-02,sh.600121,6.07,6.008,6.16,False,False
2022-09-05,sh.600121,6.37,6.0200000000000005,6.187,False,False
2022-09-06,sh.600121,6.45,6.11,6.221,False,False
2022-09-07,sh.600121,6.39,6.2780000000000005,6.224,True,False
2022-09-08,sh.600121,6.23,6.3020000000000005,6.178,False,False
2022-09-09,sh.600121,6.21,6.33,6.169,False,False
2022-09-13,sh.600121,6.09,6.273999999999999,6.147,False,False
2022-09-14,sh.600121,5.92,6.168,6.139,False,False
2022-09-15,sh.600121,6.03,6.096,6.187,False,True
2022-09-16,sh.600121,5.6,5.97,6.136,False,False
2022-09-19,sh.600121,5.58,5.844,6.087000000000001,False,False
2022-09-20,sh.600121,5.66,5.758000000000001,6.016,False,False
2022-09-21,sh.600121,5.76,5.726,5.947,False,False
2022-09-22,sh.600121,5.8,5.68,5.888,False,False
2022-09-23,sh.600121,5.59,5.678,5.824,False,False
2022-09-26,sh.600121,5.31,5.624,5.734,False,False
2022-09-27,sh.600121,5.34,5.56,5.659,False,False
2022-09-28,sh.600121,5.1,5.428,5.577,False,False
2022-09-29,sh.600121,5.17,5.302,5.491,False,False
2022-09-30,sh.600121,5.17,5.218,5.448,False,False
2022-10-10,sh.600121,5.32,5.220000000000001,5.422,False,False
2022-10-11,sh.600121,5.3,5.212000000000001,5.386,False,False
2022-10-12,sh.600121,5.34,5.26,5.343999999999999,False,False
2022-10-13,sh.600121,5.22,5.2700000000000005,5.286,False,False
2022-10-14,sh.600121,5.31,5.298,5.258,True,False
2022-10-17,sh.600121,5.39,5.311999999999999,5.266,False,False
2022-10-18,sh.600121,5.36,5.324,5.268,False,False
2022-10-19,sh.600121,5.26,5.308,5.284000000000001,False,False
2022-10-20,sh.600121,5.17,5.298,5.284,False,False
2022-10-21,sh.600121,5.14,5.264,5.281,False,True
2022-10-24,sh.600121,5.13,5.212,5.262,False,False
2022-10-25,sh.600121,5.0,5.14,5.232,False,False
2022-10-26,sh.600121,4.99,5.086,5.197,False,False
2022-10-27,sh.600121,5.09,5.07,5.183999999999999,False,False
2022-10-28,sh.600121,5.13,5.068,5.166,False,False
2022-10-31,sh.600121,4.93,5.0280000000000005,5.12,False,False
2022-11-01,sh.600121,4.98,5.024,5.082,False,False
2022-11-02,sh.600121,5.05,5.036,5.061,False,False
2022-11-03,sh.600121,4.97,5.012,5.041,False,False
2022-11-04,sh.600121,5.11,5.008,5.038,False,False
2022-11-07,sh.600121,5.2,5.061999999999999,5.045,True,False
2022-11-08,sh.600121,5.14,5.093999999999999,5.058999999999999,False,False
2022-11-09,sh.600121,5.12,5.1080000000000005,5.072,False,False
2022-11-10,sh.600121,5.1,5.1339999999999995,5.0729999999999995,False,False
2022-11-11,sh.600121,5.21,5.154,5.0809999999999995,False,False
2022-11-14,sh.600121,5.1,5.134,5.098,False,False
2022-11-15,sh.600121,5.19,5.144,5.119,False,False
2022-11-16,sh.600121,5.32,5.183999999999999,5.146,False,False
2022-11-17,sh.600121,5.19,5.202,5.168,False,False
2022-11-18,sh.600121,5.1,5.18,5.167,False,False
2022-11-21,sh.600121,5.13,5.186,5.16,False,False
2022-11-22,sh.600121,5.07,5.162000000000001,5.1530000000000005,False,False
2022-11-23,sh.600121,5.09,5.1160000000000005,5.15,False,True
2022-11-24,sh.600121,5.13,5.104,5.1530000000000005,False,False
2022-11-25,sh.600121,5.64,5.212000000000001,5.196,True,False
2022-11-28,sh.600121,5.67,5.319999999999999,5.253,False,False
2022-11-29,sh.600121,5.99,5.504,5.333,False,False
2022-11-30,sh.600121,5.97,5.68,5.398000000000001,False,False
2022-12-01,sh.600121,5.82,5.818,5.461,False,False
2022-12-02,sh.600121,5.71,5.832,5.522,False,False
2022-12-05,sh.600121,5.75,5.848000000000001,5.5840000000000005,False,False
2022-12-06,sh.600121,5.78,5.806,5.654999999999999,False,False
2022-12-07,sh.600121,5.67,5.746,5.712999999999999,False,False
2022-12-08,sh.600121,5.56,5.694,5.756,False,True
2022-12-09,sh.600121,5.67,5.686,5.759,False,False
2022-12-12,sh.600121,5.57,5.65,5.7490000000000006,False,False
2022-12-13,sh.600121,5.48,5.59,5.6979999999999995,False,False
2022-12-14,sh.600121,5.42,5.54,5.643,False,False
2022-12-15,sh.600121,5.4,5.508000000000001,5.601,False,False
2022-12-16,sh.600121,5.47,5.468,5.577,False,False
2022-12-19,sh.600121,5.18,5.39,5.52,False,False
2022-12-20,sh.600121,5.24,5.3420000000000005,5.466,False,False
2022-12-21,sh.600121,5.15,5.288,5.414,False,False
2022-12-22,sh.600121,5.07,5.2219999999999995,5.365,False,False
2022-12-23,sh.600121,5.02,5.132,5.3,False,False
2022-12-26,sh.600121,5.11,5.118,5.254,False,False
2022-12-27,sh.600121,5.19,5.1080000000000005,5.225,False,False
2022-12-28,sh.600121,5.09,5.096,5.192,False,False
2022-12-29,sh.600121,5.01,5.0840000000000005,5.1530000000000005,False,False
2022-12-30,sh.600121,5.04,5.088,5.11,False,False
2023-01-03,sh.600121,5.08,5.082,5.1,False,False
2023-01-04,sh.600121,5.04,5.052,5.08,False,False
2023-01-05,sh.600121,5.06,5.046,5.071,False,False
2023-01-06,sh.600121,5.16,5.076,5.08,False,False
2023-01-09,sh.600121,5.14,5.095999999999999,5.0920000000000005,True,False
2023-01-10,sh.600121,5.07,5.093999999999999,5.087999999999999,False,False
2023-01-11,sh.600121,5.58,5.202,5.127000000000001,False,False
2023-01-12,sh.600121,5.61,5.311999999999999,5.179,False,False
2023-01-13,sh.600121,5.32,5.343999999999999,5.21,False,False
2023-01-16,sh.600121,5.22,5.359999999999999,5.228,False,False
2023-01-17,sh.600121,5.14,5.374,5.234,False,False
2023-01-18,sh.600121,5.15,5.288,5.244999999999999,False,False
2023-01-19,sh.600121,5.14,5.194,5.253,False,True
2023-01-20,sh.600121,5.19,5.168,5.255999999999999,False,False
2023-01-30,sh.600121,5.24,5.172,5.266,False,False
2023-01-31,sh.600121,5.35,5.214,5.2940000000000005,False,False
2023-02-01,sh.600121,5.38,5.26,5.273999999999999,False,False
2023-02-02,sh.600121,5.34,5.3,5.247,True,False
2023-02-03,sh.600121,5.31,5.324,5.246,False,False
2023-02-06,sh.600121,5.29,5.334,5.253,False,False
2023-02-07,sh.600121,5.3,5.324,5.269,False,False
2023-02-08,sh.600121,5.19,5.286,5.273000000000001,False,False
2023-02-09,sh.600121,5.23,5.264,5.282,False,True
2023-02-10,sh.600121,5.22,5.246,5.285,False,False
2023-02-13,sh.600121,5.27,5.242,5.288,False,False
2023-02-14,sh.600121,5.28,5.2379999999999995,5.281000000000001,False,False
2023-02-15,sh.600121,5.21,5.242,5.264,False,False
2023-02-16,sh.600121,5.1,5.215999999999999,5.24,False,False
2023-02-17,sh.600121,5.15,5.202,5.223999999999999,False,False
2023-02-20,sh.600121,5.23,5.194,5.218,False,False
2023-02-21,sh.600121,5.28,5.194,5.216,False,False
2023-02-22,sh.600121,5.31,5.214,5.228,False,False
2023-02-23,sh.600121,5.27,5.247999999999999,5.232,True,False
2023-02-24,sh.600121,5.22,5.2620000000000005,5.232,False,False
2023-02-27,sh.600121,5.22,5.26,5.226999999999999,False,False
2023-02-28,sh.600121,5.19,5.242,5.217999999999999,False,False
2023-03-01,sh.600121,5.2,5.220000000000001,5.2170000000000005,False,False
2023-03-02,sh.600121,5.18,5.202,5.225,False,True
2023-03-03,sh.600121,5.18,5.194,5.228,False,False
2023-03-06,sh.600121,5.12,5.1739999999999995,5.2170000000000005,False,False
2023-03-07,sh.600121,5.09,5.154000000000001,5.1979999999999995,False,False
2023-03-08,sh.600121,5.11,5.136,5.178,False,False
2023-03-09,sh.600121,5.08,5.116,5.159,False,False
2023-03-10,sh.600121,4.97,5.074,5.134,False,False
2023-03-13,sh.600121,4.95,5.040000000000001,5.107,False,False
2023-03-14,sh.600121,4.91,5.004,5.079,False,False
2023-03-15,sh.600121,4.96,4.973999999999999,5.055,False,False
2023-03-16,sh.600121,4.82,4.922,5.019,False,False
2023-03-17,sh.600121,4.8,4.888,4.981,False,False
2023-03-20,sh.600121,4.69,4.836,4.938,False,False
2023-03-21,sh.600121,4.75,4.804,4.904,False,False
2023-03-22,sh.600121,4.77,4.766,4.87,False,False
2023-03-23,sh.600121,4.79,4.76,4.841,False,False
2023-03-24,sh.600121,4.76,4.752000000000001,4.819999999999999,False,False
2023-03-27,sh.600121,4.93,4.8,4.818,False,False
2023-03-28,sh.600121,4.83,4.816,4.81,True,False
2023-03-29,sh.600121,4.77,4.816,4.791,False,False
2023-03-30,sh.600121,4.82,4.822,4.791,False,False
2023-03-31,sh.600121,4.81,4.831999999999999,4.792,False,False
2023-04-03,sh.600121,4.82,4.81,4.805,False,False
2023-04-04,sh.600121,4.8,4.804,4.8100000000000005,False,True
2023-04-06,sh.600121,4.74,4.798,4.807,False,False
2023-04-07,sh.600121,4.76,4.786,4.804,False,False
2023-04-10,sh.600121,4.71,4.766,4.799,False,False
2023-04-11,sh.600121,4.72,4.7459999999999996,4.7780000000000005,False,False
2023-04-12,sh.600121,4.75,4.736,4.7700000000000005,False,False
2023-04-13,sh.600121,4.72,4.731999999999999,4.765,False,False
2023-04-14,sh.600121,4.72,4.724,4.755,False,False
2023-04-17,sh.600121,4.75,4.732,4.749,False,False
2023-04-18,sh.600121,4.82,4.752000000000001,4.7490000000000006,True,False
2023-04-19,sh.600121,4.75,4.752000000000001,4.744,False,False
2023-04-20,sh.600121,4.67,4.741999999999999,4.737,False,False
2023-04-21,sh.600121,4.56,4.709999999999999,4.7170000000000005,False,True
2023-04-24,sh.600121,4.44,4.648,4.6899999999999995,False,False
2023-04-25,sh.600121,4.36,4.556,4.654,False,False
2023-04-26,sh.600121,4.44,4.494,4.622999999999999,False,False
2023-04-27,sh.600121,4.47,4.454000000000001,4.598000000000001,False,False
2023-04-28,sh.600121,4.51,4.444,4.577,False,False
2023-05-04,sh.600121,4.57,4.470000000000001,4.559,False,False
2023-05-05,sh.600121,4.54,4.506,4.531000000000001,False,False
2023-05-08,sh.600121,4.6,4.538,4.516,True,False
2023-05-09,sh.600121,4.56,4.555999999999999,4.505,False,False
2023-05-10,sh.600121,4.56,4.566,4.505,False,False
2023-05-11,sh.600121,4.63,4.578,4.523999999999999,False,False
2023-05-12,sh.600121,4.63,4.596,4.551,False,False
2023-05-15,sh.600121,4.66,4.608,4.573,False,False
2023-05-16,sh.600121,4.69,4.634,4.595000000000001,False,False
2023-05-17,sh.600121,4.68,4.6579999999999995,4.612,False,False
2023-05-18,sh.600121,4.7,4.672,4.625,False,False
2023-05-19,sh.600121,4.68,4.682,4.639,False,False
2023-05-22,sh.600121,4.69,4.688,4.648,False,False
2023-05-23,sh.600121,4.6,4.67,4.652,False,False
2023-05-24,sh.600121,4.53,4.640000000000001,4.649,False,True
2023-05-25,sh.600121,4.51,4.601999999999999,4.637,False,False
2023-05-26,sh.600121,4.44,4.554,4.618,False,False
2023-05-29,sh.600121,4.42,4.5,4.593999999999999,False,False
2023-05-30,sh.600121,4.49,4.478,4.574,False,False
2023-05-31,sh.600121,4.37,4.446,4.543,False,False
2023-06-01,sh.600121,4.36,4.416,4.5089999999999995,False,False
2023-06-02,sh.600121,4.47,4.422,4.4879999999999995,False,False
2023-06-05,sh.600121,4.44,4.426,4.463,False,False
2023-06-06,sh.600121,4.38,4.404,4.441,False,False
2023-06-07,sh.600121,4.33,4.396,4.421,False,False
2023-06-08,sh.600121,4.38,4.4,4.4079999999999995,False,False
2023-06-09,sh.600121,4.35,4.376,4.399,False,False
2023-06-12,sh.600121,4.37,4.362,4.394,False,False
2023-06-13,sh.600121,4.33,4.352,4.378,False,False
2023-06-14,sh.600121,4.35,4.356,4.3759999999999994,False,False
2023-06-15,sh.600121,4.38,4.356,4.378,False,False
2023-06-16,sh.600121,4.41,4.367999999999999,4.372,False,False
2023-06-19,sh.600121,4.4,4.3740000000000006,4.368,True,False
2023-06-20,sh.600121,4.33,4.374,4.363,False,False
2023-06-21,sh.600121,4.31,4.3660000000000005,4.361,False,False
2023-06-26,sh.600121,4.31,4.352,4.354,False,True
2023-06-27,sh.600121,4.36,4.3420000000000005,4.3549999999999995,False,False
2023-06-28,sh.600121,4.8,4.422,4.398000000000001,True,False
2023-06-29,sh.600121,4.86,4.5280000000000005,4.451,False,False
2023-06-30,sh.600121,4.7,4.606,4.486,False,False
2023-07-03,sh.600121,4.75,4.694,4.523000000000001,False,False
2023-07-04,sh.600121,4.69,4.76,4.551,False,False
2023-07-05,sh.600121,4.72,4.744,4.583,False,False
2023-07-06,sh.600121,4.75,4.7219999999999995,4.625,False,False
2023-07-07,sh.600121,4.86,4.754,4.68,False,False
2023-07-10,sh.600121,4.77,4.758000000000001,4.726000000000001,False,False
2023-07-11,sh.600121,4.7,4.76,4.76,False,False
2023-07-12,sh.600121,4.64,4.744,4.744,False,False
2023-07-13,sh.600121,4.68,4.7299999999999995,4.726,True,False
2023-07-14,sh.600121,4.63,4.683999999999999,4.719,False,True
2023-07-17,sh.600121,4.57,4.644,4.701,False,False
2023-07-18,sh.600121,4.57,4.618,4.689,False,False
2023-07-19,sh.600121,4.58,4.606,4.675,False,False
2023-07-20,sh.600121,4.56,4.582,4.656000000000001,False,False
2023-07-21,sh.600121,4.54,4.564,4.6240000000000006,False,False
2023-07-24,sh.600121,4.49,4.548,4.595999999999999,False,False
2023-07-25,sh.600121,4.6,4.554,4.586,False,False
2023-07-26,sh.600121,4.59,4.555999999999999,4.581,False,False
2023-07-27,sh.600121,4.59,4.561999999999999,4.572,False,False
2023-07-28,sh.600121,4.64,4.582,4.5729999999999995,True,False
2023-07-31,sh.600121,4.66,4.6160000000000005,4.582,False,False
2023-08-01,sh.600121,4.76,4.648,4.601,False,False
2023-08-02,sh.600121,4.66,4.662,4.609,False,False
2023-08-03,sh.600121,4.64,4.672,4.616999999999999,False,False
2023-08-04,sh.600121,4.59,4.662,4.622,False,False
2023-08-07,sh.600121,4.57,4.644,4.630000000000001,False,False
2023-08-08,sh.600121,4.52,4.596,4.622,False,True
2023-08-09,sh.600121,4.45,4.554,4.608,False,False
2023-08-10,sh.600121,4.55,4.536,4.604,False,False
2023-08-11,sh.600121,4.41,4.5,4.581,False,False
2023-08-14,sh.600121,4.4,4.465999999999999,4.555,False,False
2023-08-15,sh.600121,4.41,4.444,4.5200000000000005,False,False
2023-08-16,sh.600121,4.4,4.434,4.494000000000001,False,False
2023-08-17,sh.600121,4.41,4.406000000000001,4.471,False,False
2023-08-18,sh.600121,4.37,4.398000000000001,4.449,False,False
2023-08-21,sh.600121,4.33,4.384,4.425,False,False
2023-08-22,sh.600121,4.36,4.374,4.409000000000001,False,False
2023-08-23,sh.600121,4.54,4.402,4.418,False,False
2023-08-24,sh.600121,4.36,4.392,4.399,False,False
2023-08-25,sh.600121,4.24,4.366,4.382,False,False
2023-08-28,sh.600121,4.33,4.3660000000000005,4.375,False,False
2023-08-29,sh.600121,4.38,4.369999999999999,4.372000000000001,False,False
2023-08-30,sh.600121,4.32,4.326,4.364,False,False
2023-08-31,sh.600121,4.34,4.322,4.357,False,False
2023-09-01,sh.600121,4.43,4.359999999999999,4.3629999999999995,False,False
2023-09-04,sh.600121,4.55,4.404,4.385,True,False
2023-09-05,sh.600121,4.6,4.448,4.409000000000001,False,False
2023-09-06,sh.600121,4.58,4.5,4.413,False,False
2023-09-07,sh.600121,4.5,4.532,4.4270000000000005,False,False
2023-09-08,sh.600121,4.4,4.526000000000001,4.443,False,False
2023-09-11,sh.600121,4.46,4.508,4.456,False,False
2023-09-12,sh.600121,4.43,4.473999999999999,4.461,False,False
2023-09-13,sh.600121,4.44,4.446,4.473,False,True
2023-09-14,sh.600121,4.56,4.458,4.495,False,False
2023-09-15,sh.600121,4.55,4.488,4.507,False,False
2023-09-18,sh.600121,4.62,4.5200000000000005,4.514,True,False
2023-09-19,sh.600121,4.57,4.548,4.511000000000001,False,False
2023-09-20,sh.600121,4.48,4.556,4.5009999999999994,False,False
2023-09-21,sh.600121,4.44,4.532000000000001,4.495,False,False
2023-09-22,sh.600121,4.4,4.502000000000001,4.495,False,False
2023-09-25,sh.600121,4.35,4.448,4.484,False,True
2023-09-26,sh.600121,4.28,4.39,4.468999999999999,False,False
2023-09-27,sh.600121,4.27,4.348,4.452,False,False
2023-09-28,sh.600121,4.36,4.331999999999999,4.432,False,False
2023-10-09,sh.600121,4.33,4.318,4.41,False,False
2023-10-10,sh.600121,4.32,4.312,4.38,False,False
2023-10-11,sh.600121,4.27,4.3100000000000005,4.35,False,False
2023-10-12,sh.600121,4.31,4.318,4.333,False,False
2023-10-13,sh.600121,4.32,4.31,4.321,False,False
2023-10-16,sh.600121,4.38,4.32,4.319,True,False
2023-10-17,sh.600121,4.35,4.326,4.319000000000001,False,False
2023-10-18,sh.600121,4.27,4.326,4.318,False,False
2023-10-19,sh.600121,4.19,4.3020000000000005,4.3100000000000005,False,True
2023-10-20,sh.600121,4.18,4.274,4.292,False,False
2023-10-23,sh.600121,4.05,4.208,4.264,False,False
2023-10-24,sh.600121,4.14,4.1659999999999995,4.246,False,False
2023-10-25,sh.600121,4.22,4.156000000000001,4.241,False,False
2023-10-26,sh.600121,4.16,4.15,4.226000000000001,False,False
2023-10-27,sh.600121,4.19,4.151999999999999,4.213,False,False
2023-10-30,sh.600121,4.17,4.176,4.192,False,False
2023-10-31,sh.600121,4.25,4.198,4.182,True,False
2023-11-01,sh.600121,4.18,4.19,4.173,False,False
2023-11-02,sh.600121,4.15,4.188,4.169,False,False
2023-11-03,sh.600121,4.18,4.186,4.169,False,False
2023-11-06,sh.600121,4.26,4.204,4.1899999999999995,False,False
2023-11-07,sh.600121,4.26,4.2059999999999995,4.202,False,False
2023-11-08,sh.600121,4.25,4.22,4.205,False,False
2023-11-09,sh.600121,4.31,4.252,4.220000000000001,False,False
2023-11-10,sh.600121,4.5,4.316,4.2509999999999994,False,False
2023-11-13,sh.600121,4.52,4.367999999999999,4.286,False,False
2023-11-14,sh.600121,4.4,4.396,4.301,False,False
2023-11-15,sh.600121,4.44,4.434,4.327,False,False
2023-11-16,sh.600121,4.38,4.4479999999999995,4.35,False,False
2023-11-17,sh.600121,4.37,4.422000000000001,4.369,False,False
2023-11-20,sh.600121,4.38,4.394,4.381,False,False
2023-11-21,sh.600121,4.42,4.398000000000001,4.397,False,False
2023-11-22,sh.600121,4.36,4.382,4.408,False,True
2023-11-23,sh.600121,4.4,4.386,4.417,False,False
2023-11-24,sh.600121,4.42,4.396,4.409000000000001,False,False
2023-11-27,sh.600121,4.43,4.406000000000001,4.4,True,False
2023-11-28,sh.600121,4.38,4.398,4.398,False,False
2023-11-29,sh.600121,4.4,4.406000000000001,4.394,True,False
2023-11-30,sh.600121,4.34,4.394,4.39,False,False
2023-12-01,sh.600121,4.41,4.392,4.394,False,True
2023-12-04,sh.600121,4.41,4.388,4.397,False,False
2023-12-05,sh.600121,4.3,4.372,4.385,False,False
2023-12-06,sh.600121,4.36,4.364,4.385,False,False
2023-12-07,sh.600121,4.32,4.359999999999999,4.377,False,False
2023-12-08,sh.600121,4.32,4.3420000000000005,4.367,False,False
2023-12-11,sh.600121,4.39,4.337999999999999,4.3629999999999995,False,False
2023-12-12,sh.600121,4.41,4.36,4.3660000000000005,False,False
2023-12-13,sh.600121,4.4,4.368,4.3660000000000005,True,False
2023-12-14,sh.600121,4.84,4.472,4.416,False,False
2023-12-15,sh.600121,4.58,4.523999999999999,4.433,False,False
2023-12-18,sh.600121,4.63,4.572,4.455,False,False
2023-12-19,sh.600121,4.52,4.593999999999999,4.477,False,False
2023-12-20,sh.600121,4.59,4.632,4.5,False,False
2023-12-21,sh.600121,4.49,4.561999999999999,4.517,False,False
2023-12-22,sh.600121,4.27,4.5,4.512,False,True
2023-12-25,sh.600121,4.1,4.394,4.483,False,False
2023-12-26,sh.600121,3.93,4.276000000000001,4.4350000000000005,False,False
2023-12-27,sh.600121,3.86,4.13,4.381,False,False
2023-12-28,sh.600121,3.94,4.02,4.2909999999999995,False,False
2023-12-29,sh.600121,4.06,3.978,4.239,False,False
2024-01-02,sh.600121,4.11,3.9799999999999995,4.187,False,False
2024-01-03,sh.600121,4.34,4.061999999999999,4.169,False,False
2024-01-04,sh.600121,4.38,4.1659999999999995,4.148,True,False
2024-01-05,sh.600121,4.28,4.234,4.127000000000001,False,False
2024-01-08,sh.600121,4.13,4.248,4.1129999999999995,False,False
2024-01-09,sh.600121,4.23,4.272,4.126,False,False
2024-01-10,sh.600121,4.11,4.226000000000001,4.144,False,False
2024-01-11,sh.600121,4.04,4.1579999999999995,4.162,False,True
2024-01-12,sh.600121,3.99,4.1,4.167,False,False
2024-01-15,sh.600121,3.98,4.069999999999999,4.159,False,False
2024-01-16,sh.600121,3.96,4.016,4.144,False,False
2024-01-17,sh.600121,3.88,3.9699999999999998,4.098000000000001,False,False
2024-01-18,sh.600121,3.82,3.9259999999999997,4.042,False,False
2024-01-19,sh.600121,3.74,3.876,3.9879999999999995,False,False
2024-01-22,sh.600121,3.64,3.808,3.939,False,False
2024-01-23,sh.600121,3.67,3.75,3.883,False,False
2024-01-24,sh.600121,3.73,3.72,3.845,False,False
2024-01-25,sh.600121,3.86,3.728,3.8270000000000004,False,False
2024-01-26,sh.600121,3.9,3.7600000000000002,3.818,False,False
2024-01-29,sh.600121,3.87,3.806,3.807,False,False
2024-01-30,sh.600121,4.01,3.874,3.812,True,False
2024-01-31,sh.600121,3.8,3.8879999999999995,3.804,False,False
2024-02-01,sh.600121,3.65,3.846,3.787,False,False
2024-02-02,sh.600121,3.52,3.7700000000000005,3.7650000000000006,False,False
2024-02-05,sh.600121,3.17,3.63,3.718,False,True
2024-02-06,sh.600121,3.21,3.47,3.6719999999999997,False,False
2024-02-07,sh.600121,3.12,3.3340000000000005,3.6109999999999998,False,False
2024-02-08,sh.600121,3.31,3.2659999999999996,3.5559999999999996,False,False
2024-02-19,sh.600121,3.46,3.254,3.5119999999999996,False,False
2024-02-20,sh.600121,3.44,3.308,3.469,False,False
2024-02-21,sh.600121,3.47,3.3600000000000003,3.415,False,False
2024-02-22,sh.600121,3.65,3.4659999999999997,3.4,True,False
2024-02-23,sh.600121,3.65,3.534,3.4,False,False
2024-02-26,sh.600121,3.6,3.5620000000000003,3.408,False,False
2024-02-27,sh.600121,3.63,3.6,3.4539999999999997,False,False
2024-02-28,sh.600121,3.53,3.6119999999999997,3.4859999999999998,False,False
2024-02-29,sh.600121,3.63,3.6079999999999997,3.537,False,False
2024-03-01,sh.600121,3.67,3.6119999999999997,3.5729999999999995,False,False
2024-03-04,sh.600121,3.66,3.624,3.593,False,False
2024-03-05,sh.600121,3.57,3.6120000000000005,3.6060000000000003,False,False
2024-03-06,sh.600121,3.65,3.636,3.624,False,False
2024-03-07,sh.600121,3.64,3.6380000000000003,3.623,False,False
2024-03-08,sh.600121,3.61,3.626,3.6190000000000007,False,False
2024-03-11,sh.600121,3.61,3.6159999999999997,3.62,False,True
2024-03-12,sh.600121,3.61,3.624,3.618,True,False
2024-03-13,sh.600121,3.58,3.6100000000000003,3.6229999999999998,False,True
2024-03-14,sh.600121,3.6,3.6019999999999994,3.62,False,False
2024-03-15,sh.600121,3.62,3.604,3.6149999999999998,False,False
2024-03-18,sh.600121,3.65,3.6119999999999997,3.6139999999999994,False,False
2024-03-19,sh.600121,3.7,3.6300000000000003,3.627,True,False
2024-03-20,sh.600121,3.69,3.652,3.6309999999999993,False,False
2024-03-21,sh.600121,3.7,3.6719999999999997,3.6369999999999996,False,False
2024-03-22,sh.600121,3.69,3.686,3.6449999999999996,False,False
2024-03-25,sh.600121,3.59,3.6740000000000004,3.643,False,False
2024-03-26,sh.600121,3.54,3.6420000000000003,3.636,False,False
2024-03-27,sh.600121,3.46,3.596,3.624,False,True
2024-03-28,sh.600121,3.48,3.5519999999999996,3.6119999999999997,False,False
2024-03-29,sh.600121,3.5,3.5140000000000002,3.6,False,False
2024-04-01,sh.600121,3.85,3.5660000000000003,3.62,False,False
2024-04-02,sh.600121,3.73,3.604,3.623,False,False
2024-04-03,sh.600121,3.82,3.6759999999999997,3.636,True,False
2024-04-08,sh.600121,4.01,3.782,3.6670000000000003,False,False
2024-04-09,sh.600121,3.98,3.878,3.696,False,False
2024-04-10,sh.600121,3.91,3.8899999999999997,3.728,False,False
2024-04-11,sh.600121,3.99,3.942,3.7729999999999997,False,False
2024-04-12,sh.600121,4.05,3.9879999999999995,3.832,False,False
2024-04-15,sh.600121,3.85,3.9560000000000004,3.8690000000000007,False,False
2024-04-16,sh.600121,3.47,3.854,3.8660000000000005,False,True
2024-04-17,sh.600121,3.59,3.79,3.84,False,False
2024-04-18,sh.600121,3.78,3.7479999999999998,3.845,False,False
2024-04-19,sh.600121,3.66,3.6700000000000004,3.8290000000000006,False,False
2024-04-22,sh.600121,3.49,3.5980000000000003,3.7769999999999997,False,False
2024-04-23,sh.600121,3.47,3.5980000000000003,3.7260000000000004,False,False
2024-04-24,sh.600121,3.5,3.5799999999999996,3.6849999999999996,False,False
2024-04-25,sh.600121,3.54,3.532,3.6400000000000006,False,False
2024-04-26,sh.600121,3.56,3.5120000000000005,3.5909999999999997,False,False
2024-04-29,sh.600121,3.6,3.5340000000000003,3.566,False,False
2024-04-30,sh.600121,3.56,3.5520000000000005,3.575,False,False
2024-05-06,sh.600121,3.65,3.582,3.5810000000000004,True,False
2024-05-07,sh.600121,3.65,3.604,3.568,False,False
2024-05-08,sh.600121,3.71,3.6340000000000003,3.5729999999999995,False,False
2024-05-09,sh.600121,3.7,3.654,3.5940000000000003,False,False
2024-05-10,sh.600121,3.73,3.688,3.6199999999999997,False,False
2024-05-13,sh.600121,3.63,3.684,3.6330000000000005,False,False
2024-05-14,sh.600121,3.59,3.6719999999999997,3.6379999999999995,False,False
2024-05-15,sh.600121,3.61,3.652,3.643,False,False
2024-05-16,sh.600121,3.59,3.63,3.6420000000000003,False,True
2024-05-17,sh.600121,3.64,3.6119999999999997,3.65,False,False
2024-05-20,sh.600121,3.76,3.6379999999999995,3.661,False,False
2024-05-21,sh.600121,3.7,3.66,3.6660000000000004,False,False
2024-05-22,sh.600121,3.72,3.682,3.6670000000000003,True,False
2024-05-23,sh.600121,3.57,3.678,3.654,False,False
2024-05-24,sh.600121,3.93,3.7359999999999998,3.6740000000000004,False,False
2024-05-27,sh.600121,3.8,3.7439999999999998,3.691,False,False
2024-05-28,sh.600121,3.89,3.782,3.721,False,False
2024-05-29,sh.600121,3.81,3.8,3.7410000000000005,False,False
2024-05-30,sh.600121,3.65,3.816,3.747,False,False
2024-05-31,sh.600121,3.62,3.754,3.7449999999999997,False,False
2024-06-03,sh.600121,3.52,3.6979999999999995,3.721,False,True
2024-06-04,sh.600121,3.55,3.63,3.7059999999999995,False,False
2024-06-05,sh.600121,3.47,3.5620000000000003,3.681,False,False
2024-06-06,sh.600121,3.36,3.504,3.66,False,False
2024-06-07,sh.600121,3.46,3.472,3.6129999999999995,False,False
2024-06-11,sh.600121,3.43,3.4539999999999997,3.5760000000000005,False,False
2024-06-12,sh.600121,3.52,3.4480000000000004,3.539,False,False
2024-06-13,sh.600121,3.5,3.4539999999999997,3.508,False,False
2024-06-14,sh.600121,3.56,3.4939999999999998,3.499,False,False
2024-06-17,sh.600121,3.46,3.4939999999999998,3.4829999999999997,True,False
2024-06-18,sh.600121,3.45,3.498,3.476,False,False
2024-06-19,sh.600121,3.44,3.482,3.465,False,False
2024-06-20,sh.600121,3.41,3.464,3.4590000000000005,False,False
2024-06-21,sh.600121,3.41,3.434,3.464,False,True
2024-06-24,sh.600121,3.29,3.4,3.447,False,False
2024-06-25,sh.600121,3.29,3.368,3.433,False,False
2024-06-26,sh.600121,3.32,3.344,3.4130000000000003,False,False
2024-06-27,sh.600121,3.23,3.308,3.386,False,False
2024-06-28,sh.600121,3.26,3.278,3.3559999999999994,False,False
2024-07-01,sh.600121,3.32,3.284,3.342,False,False
2024-07-02,sh.600121,3.33,3.2920000000000003,3.3299999999999996,False,False
2024-07-03,sh.600121,3.31,3.29,3.317,False,False
2024-07-04,sh.600121,3.2,3.284,3.2960000000000003,False,False
2024-07-05,sh.600121,3.22,3.276,3.277,False,False
2024-07-08,sh.600121,3.1,3.232,3.258,False,False
2024-07-09,sh.600121,3.13,3.192,3.242,False,False
2024-07-10,sh.600121,3.03,3.136,3.2129999999999996,False,False
2024-07-11,sh.600121,3.12,3.12,3.2020000000000004,False,False
2024-07-12,sh.600121,3.09,3.094,3.185,False,False
2024-07-15,sh.600121,3.1,3.094,3.163,False,False
2024-07-16,sh.600121,3.15,3.098,3.1450000000000005,False,False
2024-07-17,sh.600121,3.11,3.114,3.125,False,False
2024-07-18,sh.600121,3.11,3.1119999999999997,3.116,False,False
2024-07-19,sh.600121,3.1,3.114,3.104,True,False
2024-07-22,sh.600121,3.07,3.1079999999999997,3.101,False,False
2024-07-23,sh.600121,3.04,3.086,3.092,False,True
2024-07-24,sh.600121,3.02,3.068,3.091,False,False
2024-07-25,sh.600121,3.02,3.05,3.081,False,False
2024-07-26,sh.600121,3.05,3.04,3.0769999999999995,False,False
2024-07-29,sh.600121,3.05,3.036,3.072,False,False
2024-07-30,sh.600121,3.06,3.04,3.063,False,False
2024-07-31,sh.600121,3.13,3.0620000000000003,3.065,False,False
2024-08-01,sh.600121,3.15,3.0879999999999996,3.069,True,False
2024-08-02,sh.600121,3.17,3.1119999999999997,3.076,False,False
2024-08-05,sh.600121,3.11,3.1239999999999997,3.08,False,False
2024-08-06,sh.600121,3.17,3.146,3.0929999999999995,False,False
2024-08-07,sh.600121,3.21,3.162,3.1119999999999997,False,False
2024-08-08,sh.600121,3.17,3.166,3.127,False,False
2024-08-09,sh.600121,3.16,3.164,3.138,False,False
2024-08-12,sh.600121,3.14,3.17,3.147,False,False
2024-08-13,sh.600121,3.16,3.168,3.157,False,False
2024-08-14,sh.600121,3.13,3.152,3.157,False,True
2024-08-15,sh.600121,3.18,3.1540000000000004,3.16,False,False
2024-08-16,sh.600121,3.14,3.15,3.157,False,False
2024-08-19,sh.600121,3.13,3.148,3.159,False,False
2024-08-20,sh.600121,3.06,3.128,3.148,False,False
2024-08-21,sh.600121,3.07,3.1160000000000005,3.134,False,False
2024-08-22,sh.600121,3.02,3.084,3.1189999999999998,False,False
2024-08-23,sh.600121,3.02,3.06,3.1049999999999995,False,False
2024-08-26,sh.600121,3.05,3.0439999999999996,3.0959999999999996,False,False
2024-08-27,sh.600121,3.03,3.038,3.0829999999999997,False,False
2024-08-28,sh.600121,3.04,3.032,3.074,False,False
2024-08-29,sh.600121,3.03,3.034,3.059,False,False
2024-08-30,sh.600121,3.06,3.042,3.0509999999999997,False,False
2024-09-02,sh.600121,3.06,3.044,3.0439999999999996,True,False
2024-09-03,sh.600121,3.03,3.0439999999999996,3.041,False,False
2024-09-04,sh.600121,3.0,3.036,3.034,False,False
2024-09-05,sh.600121,3.03,3.036,3.035,False,False
2024-09-06,sh.600121,3.01,3.026,3.034,False,True
2024-09-09,sh.600121,3.03,3.02,3.032,False,False
2024-09-10,sh.600121,3.05,3.024,3.034,False,False
2024-09-11,sh.600121,3.02,3.028,3.032,False,False
2024-09-12,sh.600121,3.06,3.034,3.0349999999999997,False,False
2024-09-13,sh.600121,3.04,3.04,3.033,True,False
2024-09-18,sh.600121,3.07,3.0479999999999996,3.034,False,False
2024-09-19,sh.600121,3.11,3.06,3.042,False,False
2024-09-20,sh.600121,3.12,3.08,3.054,False,False
2024-09-23,sh.600121,3.15,3.098,3.066,False,False
2024-09-24,sh.600121,3.23,3.136,3.088,False,False
2024-09-25,sh.600121,3.23,3.168,3.1079999999999997,False,False
2024-09-26,sh.600121,3.3,3.2060000000000004,3.133,False,False
2024-09-27,sh.600121,3.39,3.2600000000000002,3.17,False,False
2024-09-30,sh.600121,3.66,3.3619999999999997,3.2299999999999995,False,False
2024-10-08,sh.600121,3.79,3.474,3.3050000000000006,False,False
2024-10-09,sh.600121,3.47,3.522,3.345,False,False
2024-10-10,sh.600121,3.82,3.626,3.4160000000000004,False,False
2024-10-11,sh.600121,3.77,3.7019999999999995,3.4810000000000003,False,False
2024-10-14,sh.600121,3.77,3.724,3.543,False,False
2024-10-15,sh.600121,3.6,3.686,3.5799999999999996,False,False
2024-10-16,sh.600121,3.63,3.718,3.62,False,False
2024-10-17,sh.600121,3.55,3.664,3.6450000000000005,False,False
2024-10-18,sh.600121,3.6,3.63,3.6660000000000004,False,True
2024-10-21,sh.600121,3.65,3.6060000000000003,3.665,False,False
2024-10-22,sh.600121,3.68,3.622,3.654,False,False
2024-10-23,sh.600121,3.84,3.664,3.6910000000000003,False,False
2024-10-24,sh.600121,3.84,3.722,3.693,True,False
2024-10-25,sh.600121,3.96,3.7939999999999996,3.7119999999999997,False,False
2024-10-28,sh.600121,4.15,3.8939999999999997,3.75,False,False
2024-10-29,sh.600121,3.9,3.9379999999999997,3.78,False,False
2024-10-30,sh.600121,3.93,3.9560000000000004,3.8099999999999996,False,False
2024-10-31,sh.600121,4.02,3.992,3.857,False,False
2024-11-01,sh.600121,4.06,4.012,3.903,False,False
2024-11-04,sh.600121,4.03,3.9879999999999995,3.941,False,False
2024-11-05,sh.600121,4.11,4.03,3.9840000000000004,False,False
2024-11-06,sh.600121,4.21,4.086,4.020999999999999,False,False
2024-11-07,sh.600121,4.63,4.208,4.1,False,False
2024-11-08,sh.600121,4.88,4.372,4.192,False,False
2024-11-11,sh.600121,5.1,4.586,4.287000000000001,False,False
2024-11-12,sh.600121,5.12,4.787999999999999,4.409000000000001,False,False
2024-11-13,sh.600121,4.97,4.9399999999999995,4.513,False,False
2024-11-14,sh.600121,4.64,4.941999999999999,4.575,False,False
2024-11-15,sh.600121,4.68,4.901999999999999,4.637,False,False
2024-11-18,sh.600121,4.97,4.8759999999999994,4.731,False,False
2024-11-19,sh.600121,4.84,4.82,4.803999999999999,False,False
2024-11-20,sh.600121,4.86,4.798,4.869000000000001,False,True
2024-11-21,sh.600121,4.77,4.824,4.883,False,False
2024-11-22,sh.600121,4.62,4.812,4.856999999999999,False,False
2024-11-25,sh.600121,4.49,4.716,4.796,False,False
2024-11-26,sh.600121,4.66,4.680000000000001,4.75,False,False
2024-11-27,sh.600121,4.57,4.622,4.71,False,False
2024-11-28,sh.600121,4.46,4.5600000000000005,4.692,False,False
2024-11-29,sh.600121,4.51,4.537999999999999,4.675,False,False
2024-12-02,sh.600121,4.69,4.578,4.647,False,False
2024-12-03,sh.600121,4.77,4.6,4.64,False,False
2024-12-04,sh.600121,4.62,4.61,4.616,False,False
2024-12-05,sh.600121,4.61,4.64,4.6,True,False
2024-12-06,sh.600121,4.77,4.692,4.615,False,False
2024-12-09,sh.600121,4.66,4.686,4.632,False,False
2024-12-10,sh.600121,4.64,4.66,4.63,False,False
2024-12-11,sh.600121,4.77,4.6899999999999995,4.65,False,False
2024-12-12,sh.600121,4.8,4.728,4.683999999999999,False,False
2024-12-13,sh.600121,4.59,4.692,4.692,False,False
2024-12-16,sh.600121,4.55,4.67,4.678,False,True
2024-12-17,sh.600121,4.38,4.617999999999999,4.639,False,False
2024-12-18,sh.600121,4.41,4.545999999999999,4.618,False,False
2024-12-19,sh.600121,4.3,4.446,4.587,False,False
2024-12-20,sh.600121,4.26,4.380000000000001,4.536,False,False
2024-12-23,sh.600121,4.14,4.298,4.484,False,False
2024-12-24,sh.600121,4.17,4.255999999999999,4.436999999999999,False,False
2024-12-25,sh.600121,4.35,4.244,4.395,False,False
2024-12-26,sh.600121,4.26,4.236,4.340999999999999,False,False
2024-12-27,sh.600121,4.4,4.264,4.322,False,False
2024-12-30,sh.600121,4.32,4.3,4.2989999999999995,True,False
2024-12-31,sh.600121,4.33,4.332,4.2940000000000005,False,False
2025-01-02,sh.600121,4.1,4.282000000000001,4.263,False,False
2025-01-03,sh.600121,3.91,4.212000000000001,4.224,False,True
2025-01-06,sh.600121,3.86,4.104000000000001,4.183999999999999,False,False
2025-01-07,sh.600121,3.92,4.024,4.162000000000001,False,False
2025-01-08,sh.600121,3.87,3.932,4.132,False,False
2025-01-09,sh.600121,3.86,3.8840000000000003,4.083,False,False
2025-01-10,sh.600121,3.76,3.854,4.0329999999999995,False,False
2025-01-13,sh.600121,3.75,3.832,3.967999999999999,False,False
2025-01-14,sh.600121,3.88,3.8240000000000003,3.9240000000000004,False,False
2025-01-15,sh.600121,3.86,3.822,3.877,False,False
2025-01-16,sh.600121,3.91,3.832,3.8580000000000005,False,False
2025-01-17,sh.600121,3.87,3.854,3.854,False,False
2025-01-20,sh.600121,3.88,3.88,3.8560000000000003,True,False
2025-01-21,sh.600121,3.84,3.872,3.848,False,False
2025-01-22,sh.600121,3.79,3.8579999999999997,3.84,False,False
2025-01-23,sh.600121,3.8,3.836,3.8340000000000005,False,False
2025-01-24,sh.600121,3.81,3.8240000000000003,3.8389999999999995,False,True
2025-01-27,sh.600121,3.77,3.8019999999999996,3.841,False,False
2025-02-05,sh.600121,3.78,3.79,3.8310000000000004,False,False
2025-02-06,sh.600121,3.81,3.7939999999999996,3.8259999999999996,False,False
2025-02-07,sh.600121,3.89,3.812,3.8239999999999994,False,False
2025-02-10,sh.600121,3.95,3.8400000000000007,3.832,True,False
2025-02-11,sh.600121,3.89,3.864,3.8329999999999997,False,False
2025-02-12,sh.600121,3.89,3.886,3.838,False,False
2025-02-13,sh.600121,3.89,3.902,3.8480000000000003,False,False
2025-02-14,sh.600121,3.83,3.8899999999999997,3.851,False,False
2025-02-17,sh.600121,3.87,3.874,3.857,False,False
2025-02-18,sh.600121,3.76,3.848,3.8560000000000003,False,True
2025-02-19,sh.600121,3.77,3.8239999999999994,3.8549999999999995,False,False
2025-02-20,sh.600121,3.81,3.808,3.8550000000000004,False,False
2025-02-21,sh.600121,3.77,3.7960000000000003,3.843000000000001,False,False
2025-02-24,sh.600121,3.79,3.78,3.8270000000000004,False,False
2025-02-25,sh.600121,3.75,3.778,3.813,False,False
2025-02-26,sh.600121,3.82,3.7880000000000003,3.806,False,False
2025-02-27,sh.600121,3.8,3.786,3.7969999999999997,False,False
2025-02-28,sh.600121,3.72,3.776,3.786,False,False
2025-03-03,sh.600121,3.73,3.7640000000000002,3.7720000000000007,False,False
2025-03-04,sh.600121,3.76,3.7660000000000005,3.772,False,False
2025-03-05,sh.600121,3.69,3.7399999999999998,3.7640000000000002,False,False
2025-03-06,sh.600121,3.72,3.724,3.755,False,False
2025-03-07,sh.600121,3.78,3.7359999999999998,3.7560000000000002,False,False
2025-03-10,sh.600121,3.96,3.782,3.7729999999999997,True,False
2025-03-11,sh.600121,3.96,3.822,3.7939999999999996,False,False
2025-03-12,sh.600121,3.9,3.864,3.8019999999999996,False,False
2025-03-13,sh.600121,4.17,3.9539999999999997,3.839,False,False
2025-03-14,sh.600121,4.14,4.026,3.8810000000000002,False,False
2025-03-17,sh.600121,4.08,4.05,3.9159999999999995,False,False
2025-03-18,sh.600121,4.09,4.076,3.9489999999999994,False,False
2025-03-19,sh.600121,4.09,4.113999999999999,3.989,False,False
2025-03-20,sh.600121,4.13,4.106,4.029999999999999,False,False
2025-03-21,sh.600121,4.09,4.095999999999999,4.061,False,False
2025-03-24,sh.600121,4.01,4.082,4.066,False,False
2025-03-25,sh.600121,4.2,4.104,4.09,False,False
2025-03-26,sh.600121,4.18,4.122,4.118,False,False
2025-03-27,sh.600121,4.11,4.117999999999999,4.112,False,False
2025-03-28,sh.600121,3.99,4.098000000000001,4.0969999999999995,False,False
2025-03-31,sh.600121,4.05,4.106,4.093999999999999,False,False
2025-04-01,sh.600121,4.1,4.086,4.095000000000001,False,True
2025-04-02,sh.600121,4.05,4.0600000000000005,4.090999999999999,False,False
2025-04-03,sh.600121,4.04,4.045999999999999,4.082,False,False
2025-04-07,sh.600121,3.64,3.976,4.037,False,False
2025-04-08,sh.600121,3.66,3.8979999999999997,4.002000000000001,False,False
2025-04-09,sh.600121,3.66,3.81,3.9479999999999995,False,False
2025-04-10,sh.600121,3.69,3.7380000000000004,3.899,False,False
2025-04-11,sh.600121,3.69,3.668,3.857,False,False
2025-04-14,sh.600121,3.86,3.7120000000000006,3.844,False,False
2025-04-15,sh.600121,3.83,3.746,3.822,False,False
2025-04-16,sh.600121,3.78,3.7700000000000005,3.79,False,False
2025-04-17,sh.600121,3.77,3.786,3.7620000000000005,True,False
2025-04-18,sh.600121,3.76,3.8,3.7340000000000004,False,False
2025-04-21,sh.600121,3.78,3.784,3.748,False,False
2025-04-22,sh.600121,3.78,3.7739999999999996,3.7599999999999993,False,False
2025-04-23,sh.600121,3.78,3.774,3.772,False,False
2025-04-24,sh.600121,3.79,3.778,3.781999999999999,False,True
2025-04-25,sh.600121,4.05,3.836,3.818,True,False
2025-04-28,sh.600121,3.66,3.812,3.7979999999999996,False,False
2025-04-29,sh.600121,3.61,3.778,3.776,False,False
2025-04-30,sh.600121,3.59,3.7399999999999998,3.757,False,True
2025-05-06,sh.600121,3.68,3.718,3.7479999999999998,False,False
2025-05-07,sh.600121,3.68,3.6439999999999997,3.7399999999999998,False,False
2025-05-08,sh.600121,3.68,3.6480000000000006,3.7299999999999995,False,False
2025-05-09,sh.600121,3.66,3.658,3.717999999999999,False,False
2025-05-12,sh.600121,3.68,3.6760000000000006,3.7080000000000006,False,False
2025-05-13,sh.600121,3.72,3.684,3.7010000000000005,False,False
2025-05-14,sh.600121,3.74,3.696,3.6700000000000004,True,False
2025-05-15,sh.600121,3.75,3.71,3.6790000000000007,False,False
2025-05-16,sh.600121,3.82,3.742,3.7,False,False
2025-05-19,sh.600121,3.87,3.7800000000000002,3.728,False,False
2025-05-20,sh.600121,3.88,3.812,3.7479999999999998,False,False
2025-05-21,sh.600121,3.95,3.854,3.775,False,False
2025-05-22,sh.600121,3.82,3.868,3.789,False,False
2025-05-23,sh.600121,3.75,3.854,3.7980000000000005,False,False
2025-05-26,sh.600121,3.84,3.8480000000000003,3.814,False,False
2025-05-27,sh.600121,3.8,3.832,3.822,False,False
2025-05-28,sh.600121,3.77,3.7960000000000003,3.825,False,True
2025-05-29,sh.600121,3.8,3.7920000000000003,3.8300000000000005,False,False
2025-05-30,sh.600121,3.72,3.786,3.8200000000000003,False,False
2025-06-03,sh.600121,3.74,3.7659999999999996,3.807,False,False
2025-06-04,sh.600121,3.9,3.786,3.809,False,False
2025-06-05,sh.600121,3.83,3.7979999999999996,3.7969999999999997,True,False
2025-06-06,sh.600121,3.86,3.81,3.8009999999999997,False,False
2025-06-09,sh.600121,3.93,3.8520000000000003,3.819,False,False
2025-06-10,sh.600121,3.88,3.88,3.8229999999999995,False,False
2025-06-11,sh.600121,3.88,3.876,3.8310000000000004,False,False
2025-06-12,sh.600121,3.84,3.878,3.838,False,False
2025-06-13,sh.600121,3.88,3.882,3.846,False,False
2025-06-16,sh.600121,3.97,3.8899999999999997,3.871,False,False
2025-06-17,sh.600121,3.94,3.9019999999999997,3.8909999999999996,False,False
2025-06-18,sh.600121,3.88,3.902,3.8890000000000002,False,False
2025-06-19,sh.600121,3.8,3.8939999999999997,3.886,False,False
2025-06-20,sh.600121,3.78,3.8739999999999997,3.878,False,True
2025-06-23,sh.600121,3.87,3.854,3.872,False,False
2025-06-24,sh.600121,3.85,3.836,3.8689999999999998,False,False
2025-06-25,sh.600121,3.86,3.832,3.8669999999999995,False,False
2025-06-26,sh.600121,3.86,3.844,3.8689999999999998,False,False
2025-06-27,sh.600121,3.94,3.876,3.875,True,False
2025-06-30,sh.600121,3.94,3.8899999999999997,3.872,False,False
2025-07-01,sh.600121,3.94,3.908,3.872,False,False
2025-07-02,sh.600121,4.0,3.936,3.8839999999999995,False,False
2025-07-03,sh.600121,3.99,3.9620000000000006,3.903,False,False
2025-07-04,sh.600121,3.94,3.9619999999999997,3.9189999999999996,False,False
2025-07-07,sh.600121,4.09,3.992,3.9410000000000003,False,False
2025-07-08,sh.600121,4.08,4.0200000000000005,3.964,False,False
2025-07-09,sh.600121,4.12,4.0440000000000005,3.9899999999999998,False,False
2025-07-10,sh.600121,4.23,4.0920000000000005,4.027,False,False
2025-07-11,sh.600121,4.2,4.144,4.053,False,False
2025-07-14,sh.600121,4.41,4.208,4.1,False,False
2025-07-15,sh.600121,4.21,4.234,4.127000000000001,False,False
2025-07-16,sh.600121,4.12,4.234,4.139,False,False
2025-07-17,sh.600121,4.15,4.218,4.154999999999999,False,False
2025-07-18,sh.600121,4.13,4.204,4.174,False,False
2025-07-21,sh.600121,4.17,4.156000000000001,4.182,False,True
2025-07-22,sh.600121,4.45,4.204,4.218999999999999,False,False
2025-07-23,sh.600121,4.32,4.244,4.239,True,False
2025-07-24,sh.600121,4.38,4.29,4.254,False,False
2025-07-25,sh.600121,4.55,4.3740000000000006,4.289,False,False
2025-07-28,sh.600121,4.26,4.392,4.274,False,False
2025-07-29,sh.600121,4.28,4.358,4.281000000000001,False,False
2025-07-30,sh.600121,4.29,4.351999999999999,4.298,False,False
2025-07-31,sh.600121,4.1,4.296,4.292999999999999,False,False
2025-08-01,sh.600121,4.11,4.208,4.291,False,True
2025-08-04,sh.600121,4.14,4.184,4.287999999999999,False,False
2025-08-05,sh.600121,4.21,4.17,4.263999999999999,False,False
2025-08-06,sh.600121,4.25,4.162000000000001,4.257,False,False
2025-08-07,sh.600121,4.18,4.178,4.237,False,False
2025-08-08,sh.600121,4.15,4.186,4.197,False,False
2025-08-11,sh.600121,4.16,4.1899999999999995,4.186999999999999,True,False
2025-08-12,sh.600121,4.21,4.1899999999999995,4.18,False,False
2025-08-13,sh.600121,4.14,4.168,4.165,False,False
2025-08-14,sh.600121,4.04,4.14,4.159,False,True
2025-08-15,sh.600121,4.08,4.126,4.156,False,False
2025-08-18,sh.600121,4.09,4.112,4.151000000000001,False,False
2025-08-19,sh.600121,4.08,4.086,4.138,False,False
2025-08-20,sh.600121,4.09,4.076,4.122,False,False
2025-08-21,sh.600121,4.11,4.09,4.115,False,False
2025-08-22,sh.600121,4.13,4.1,4.1129999999999995,False,False
2025-08-25,sh.600121,4.17,4.1160000000000005,4.114,True,False
2025-08-26,sh.600121,4.26,4.151999999999999,4.119,False,False
2025-08-27,sh.600121,4.1,4.154,4.115,False,False
2025-08-28,sh.600121,4.08,4.148000000000001,4.119,False,False
2025-08-29,sh.600121,4.04,4.13,4.115,False,False
2025-09-01,sh.600121,4.07,4.11,4.1129999999999995,False,True
2025-09-02,sh.600121,4.04,4.066,4.109,False,False
2025-09-03,sh.600121,3.95,4.036,4.095,False,False
2025-09-04,sh.600121,3.98,4.016,4.082,False,False
2025-09-05,sh.600121,4.04,4.016,4.073,False,False
2025-09-08,sh.600121,4.05,4.012,4.061,False,False
2025-09-09,sh.600121,4.06,4.016,4.041,False,False
2025-09-10,sh.600121,4.04,4.034000000000001,4.035,False,False
2025-09-11,sh.600121,4.05,4.048,4.032,True,False
2025-09-12,sh.600121,4.09,4.058,4.037000000000001,False,False
2025-09-15,sh.600121,4.13,4.074,4.043,False,False
2025-09-16,sh.600121,4.15,4.0920000000000005,4.054,False,False
2025-09-17,sh.600121,4.16,4.116,4.075,False,False
2025-09-18,sh.600121,4.06,4.118,4.083,False,False
2025-09-19,sh.600121,4.13,4.1259999999999994,4.092,False,False
2025-09-22,sh.600121,4.08,4.116,4.095000000000001,False,False
2025-09-23,sh.600121,4.12,4.11,4.101,False,False
2025-09-24,sh.600121,4.19,4.1160000000000005,4.116,False,False
2025-09-25,sh.600121,4.11,4.126,4.122,False,False
2025-09-26,sh.600121,4.15,4.13,4.128,False,False
2025-09-29,sh.600121,4.07,4.128,4.122000000000001,False,False
2025-09-30,sh.600121,4.07,4.118,4.114,False,False
2025-10-09,sh.600121,4.17,4.114,4.115,False,True
2025-10-10,sh.600121,4.27,4.146,4.136,True,False
2025-10-13,sh.600121,4.25,4.1659999999999995,4.148000000000001,False,False
2025-10-14,sh.600121,4.49,4.25,4.189,False,False
2025-10-15,sh.600121,4.62,4.359999999999999,4.239,False,False
2025-10-16,sh.600121,4.92,4.51,4.312,False,False
2025-10-17,sh.600121,4.95,4.646,4.396000000000001,False,False
2025-10-20,sh.600121,5.45,4.886,4.526,False,False
2025-10-21,sh.600121,5.48,5.084,4.667,False,False
2025-10-22,sh.600121,5.09,5.178,4.769,False,False
2025-10-23,sh.600121,5.6,5.314,4.912,False,False
2025-10-24,sh.600121,5.12,5.348000000000001,4.997,False,False
2025-10-27,sh.600121,5.63,5.384,5.135,False,False
2025-10-28,sh.600121,5.99,5.486,5.285,False,False
2025-10-29,sh.600121,5.83,5.634,5.406000000000001,False,False
2025-10-30,sh.600121,5.41,5.596,5.455,False,False
2025-10-31,sh.600121,5.25,5.622,5.484999999999999,False,False
2025-11-03,sh.600121,5.32,5.5600000000000005,5.4719999999999995,False,False
2025-11-04,sh.600121,5.48,5.458,5.4719999999999995,False,True
2025-11-05,sh.600121,5.46,5.384,5.509,False,False
2025-11-06,sh.600121,5.63,5.428,5.512,False,False
2025-11-07,sh.600121,5.48,5.474,5.548,False,False
2025-11-10,sh.600121,5.49,5.508,5.534000000000001,False,False
2025-11-11,sh.600121,5.36,5.484,5.471,True,False
2025-11-12,sh.600121,5.18,5.428,5.406000000000001,False,False
2025-11-13,sh.600121,5.32,5.366,5.397,False,True
2025-11-14,sh.600121,5.47,5.364,5.4190000000000005,False,False
2025-11-17,sh.600121,5.54,5.3740000000000006,5.441000000000001,False,False
2025-11-18,sh.600121,5.08,5.318,5.401,False,False
2025-11-19,sh.600121,4.77,5.236,5.332,False,False
2025-11-20,sh.600121,4.65,5.101999999999999,5.234,False,False
2025-11-21,sh.600121,4.42,4.892,5.128,False,False
2025-11-24,sh.600121,4.38,4.66,5.0169999999999995,False,False
2025-11-25,sh.600121,4.47,4.537999999999999,4.928,False,False
2025-11-26,sh.600121,4.43,4.470000000000001,4.853,False,False
2025-11-27,sh.600121,4.45,4.43,4.766,False,False
2025-11-28,sh.600121,4.5,4.446,4.669,False,False
2025-12-01,sh.600121,4.51,4.4719999999999995,4.566,False,False
2025-12-02,sh.600121,4.55,4.4879999999999995,4.513,False,False
2025-12-03,sh.600121,4.8,4.561999999999999,4.516,True,False
2025-12-04,sh.600121,4.52,4.576,4.503,False,False
2025-12-05,sh.600121,4.45,4.566,4.505999999999999,False,False
2025-12-08,sh.600121,4.45,4.554,4.513,False,False
2025-12-09,sh.600121,4.37,4.517999999999999,4.502999999999999,False,False
2025-12-10,sh.600121,4.37,4.432,4.497,False,True
2025-12-11,sh.600121,4.42,4.412000000000001,4.494,False,False
2025-12-12,sh.600121,4.48,4.418,4.492,False,False
2025-12-15,sh.600121,4.48,4.424,4.489,False,False
2025-12-16,sh.600121,4.21,4.392,4.455,False,False
2025-12-17,sh.600121,4.2,4.3580000000000005,4.3950000000000005,False,False
2025-12-18,sh.600121,4.27,4.328,4.369999999999999,False,False
2025-12-19,sh.600121,4.27,4.286,4.352,False,False
2025-12-22,sh.600121,4.31,4.252,4.337999999999999,False,False
2025-12-23,sh.600121,4.26,4.261999999999999,4.327,False,False
2025-12-24,sh.600121,4.27,4.275999999999999,4.316999999999999,False,False
2025-12-25,sh.600121,4.25,4.272,4.3,False,False
2025-12-26,sh.600121,4.29,4.276,4.281,False,False
2025-12-29,sh.600121,4.26,4.266,4.259,True,False
2025-12-30,sh.600121,4.21,4.256,4.259,False,True
2025-12-31,sh.600121,4.17,4.236,4.255999999999999,False,False
2026-01-05,sh.600121,4.2,4.226,4.2490000000000006,False,False
2026-01-06,sh.600121,4.33,4.234,4.255,False,False
2026-01-07,sh.600121,4.68,4.318,4.292,True,False
2026-01-08,sh.600121,4.57,4.39,4.3229999999999995,False,False
2026-01-09,sh.600121,4.52,4.46,4.348000000000001,False,False
2026-01-12,sh.600121,4.57,4.534,4.380000000000001,False,False
2026-01-13,sh.600121,4.44,4.556,4.3950000000000005,False,False
2026-01-14,sh.600121,4.46,4.5120000000000005,4.415,False,False
2026-01-15,sh.600121,4.42,4.482,4.436,False,False
2026-01-16,sh.600121,4.49,4.476000000000001,4.468,False,False
2026-01-19,sh.600121,4.51,4.464,4.4990000000000006,False,True
2026-01-20,sh.600121,4.69,4.514,4.535,False,False
2026-01-21,sh.600121,4.5,4.522,4.517,True,False
2026-01-22,sh.600121,4.61,4.5600000000000005,4.521,False,False
2026-01-23,sh.600121,4.57,4.576,4.526,False,False
2026-01-26,sh.600121,4.35,4.5440000000000005,4.504,False,False
2026-01-27,sh.600121,4.25,4.456,4.485,False,True
2026-01-28,sh.600121,4.4,4.436,4.479,False,False
2026-01-29,sh.600121,4.49,4.412000000000001,4.486,False,False
2026-01-30,sh.600121,4.54,4.406000000000001,4.4910000000000005,False,False
2026-02-02,sh.600121,4.29,4.394,4.468999999999999,False,False
2026-02-03,sh.600121,4.25,4.394,4.425,False,False
2026-02-04,sh.600121,4.58,4.430000000000001,4.433,False,False
2026-02-05,sh.600121,4.36,4.404,4.4079999999999995,False,False
2026-02-06,sh.600121,4.32,4.36,4.383,False,False
2026-02-09,sh.600121,4.42,4.386,4.39,False,False
2026-02-10,sh.600121,4.39,4.414,4.404,True,False
2026-02-11,sh.600121,4.41,4.38,4.405,False,True
2026-02-12,sh.600121,4.36,4.38,4.392,False,False
2026-02-13,sh.600121,4.29,4.3740000000000006,4.367,True,False
2026-02-24,sh.600121,4.47,4.384,4.385,False,True
2026-02-25,sh.600121,4.53,4.412000000000001,4.413,False,False
2026-02-26,sh.600121,4.55,4.44,4.41,True,False
2026-02-27,sh.600121,4.8,4.5280000000000005,4.454,False,False
2026-03-02,sh.600121,4.74,4.618,4.4959999999999996,False,False
2026-03-03,sh.600121,4.9,4.704,4.5440000000000005,False,False
2026-03-04,sh.600121,4.78,4.754,4.583,False,False
2026-03-05,sh.600121,4.78,4.8,4.619999999999999,False,False
2026-03-06,sh.600121,4.74,4.788,4.6579999999999995,False,False
2026-03-09,sh.600121,4.82,4.804,4.711,False,False
2026-03-10,sh.600121,4.68,4.76,4.732,False,False
2026-03-11,sh.600121,4.67,4.738,4.746,False,True
2026-03-12,sh.600121,5.14,4.81,4.805000000000001,True,False
2026-03-13,sh.600121,5.65,4.992,4.89,False,False
2026-03-16,sh.600121,5.28,5.0840000000000005,4.944000000000001,False,False
